<DOC>
<DOCNO>balaipenelitian000000-001</DOCNO>
<TITLE>PRODUKTIVITAS SOM JAWA (Talinum paniculatum Gaertn.) PADA BEBERAPA KOMPOSISI BAHAN ORGANIK</TITLE>
<AUTHOR>Ireng Darwati, Mono Rahardjo, dan Rosita SMD </AUTHOR>
<TEXT>
<P>Som Jawa merupakan tanaman yang menghasilkan umbi.</P><P>Untuk menghasilkan umbi yang optimal, diperlukan tanah yang sifat-sifat fisik dan kesuburannya baik. Kondisi tersebut dapat dicapai dengan penggunaan bahan organik (kasting, kompos daun bambu dan pupuk kandang). Penelitian ini bertujuan mempelajari pengaruh beberapa macam komposisi bahan organik sebagai media tanam dalam pot (polybag) terhadap produksi umbi som Jawa. Pot diisi 20 kg media tanam, ditempatkan di lapangan terbuka IP Cimanggu di Balittro. Percobaan berlangsung mulai bulan September 1996 sampai September 1997. Rancangan yang digunakan adalah rancangan acak kelompok dengan empat ulangan. Perlakuan komposisi media bahan organik yang diuji adalah (1) tanah; (2) tanah + pupuk kandang (3:1);  (3) tanah + kasting (3:1); (4) tanah + kompos daun bambu (3:1); (5) tanah + kasting + kompos daun bambu (6:1:1); (6) tanah + pupuk kandang + kompos daun bambu (6:1:1); (7) tanah + pupuk kandang + kasting (6:1:1). Tanaman diberi pupuk dasar 1 g urea, 3 g TSP, dan 3 g KCl, serta 2 g urea sebagai pupuk susulan pada 3 bulan setelah tanam. Tanaman dipanen pada umur 1 tahun setelah tanam. Hasil penelitian menunjukkan bahwa ketiga macam bahan organik yang diuji dapat meningkatkan ukuran umbi, jumlah umbi, bobot segar, dan bobot kering umbi som Jawa. Produksi umbi segar  tertinggi 165.40 g/ tanaman dan umbi kering 26.75 g/tanaman diperoleh pada perlakuan bahan organik terdiri atas campuran tanah dan kasting dengan perbandingan 3:1.</P>
</TEXT>
</DOC>
