<DOC>
<DOCNO>balaipenelitian000000-003</DOCNO>
<TITLE>PENGARUH CEKAMAN AIR TERHADAP PRODUKSI DAN  MUTU SIMPLISIA TEMPUYUNG (Sonchus arvensis L.)</TITLE>
<AUTHOR>Mono Rahardjo dan Ireng Darwati  </AUTHOR>
<TEXT>
<P>RINGKASAN</P>
<P>Penelitian cekaman air pada tanaman tempuyung bertujuan untuk  meningkatkan mutu dan produksi telah dilakukan di rumah kaca Balittro Bogor dari bulan Juli sampai November 1996. Percobaan pot menggunakan tanah kering angin jenis Latosol Cimanggu Bogor, sebanyak 7 kg/pot dengan menggunakan rancangan acak kelompok empat ulangan. Sebanyak delapan perlakuan cekaman air dan kasting yaitu ; (1) 100% kapasitas lapang (KL)  tanpa kasting, (2) 100% KL + kasting, (3) 80% KL + kasting dengan cekaman air dimulai 30 hari setelah tanam (HST), (4)60% KL + kasting dengan cekaman air dimulai 30 HST, (5) 40% KL + kasting dengan cekaman air dimulai 30 HST, (6) 80% KL + kasting dengan cekaman air dimulai 50 HST, (7) 60% KL + kasting dengan cekaman air dimulai 50 HST, (8) 40% KL + kasting dengan cekaman air dimulai 50 HST. Hasil penelitian menunjukkan bahwa kandungan khlorofil daun, luas daun, bobot segar dan kering daun menurun pada perlakuan cekaman air 60% diberikan 30 HST, semakin besar cekaman air semakin besar penurunannya, tetapi kadar K dan Na daun meningkat sehingga mutu daun semakin tinggi. Produksi simplisia tertinggi (bobot segar dan kering daun) masing-masing 53.22 dan 4.58 g/ tanaman pada perlakuan 100% KL + kasting. Mutu simplisia tertinggi berdasarkan  kadar K  (8.2%) dan Na (0.227%)  pada cekaman air 40% KL dimulai pada 30 HST, masing-masing meningkat 13.6% dan 95.7% yang diikuti dengan penurunan bobot kering simplisia sebesar 62.9%.</P>
<P>Kata kunci  :  Sonchus arvensis L., kasting, cekaman air, produksi, mutu</P>
</TEXT>
</DOC>
