<DOC>
<DOCNO>balaipenelitian000000-007</DOCNO>
<TITLE>PENGARUH PENYAKIT KRUPUK TERHADAP  HASIL DAN MUTU DELAPAN VARIETAS TEMBAKAU VIRGINIA</TITLE>
<AUTHOR>GEMBONG DALMADIYO dan MOCH. AMIR KARTAMIDJAJA  </AUTHOR>
<TEXT>
<P>RINGKASAN</P>
<P>Virus krupuk  adalah penyebab penyakit krupuk yang menyerang  tanaman tembakau terutama bila kondisi cuaca kering. Penggunaan varietas tahan merupakan cara pengendalian yang efektif. Oleh karena itu maka perlu dilakukan evaluasi pengaruh serangan virus krupuk pada enam varietas introduksi tembakau Virginia (DB 101, Coker 319, Coker 176, Coker 48, Coker 86, dan Coker 371 Gold) dan galur harapan (T.45/T.65 dan T.45/T.69). Penelitian ini dilakukan di Kebun Pekuwon, Inlittas Sumberrejo, Bojonegoro dari bulan April-Oktober 1997. Percobaan disusun dalam rancangan acak kelompok dengan tiga ulangan. Penanaman dilakukan pada tanggal 20 Mei 1997 dengan jarak tanam 0.9 m x 0.6 m pada petak 9.0 m x 9.0 m. Dosis pemupukan adalah 300 kg ZA + 108 kg SP-36 + 156 kg ZK per ha. Parameter yang diamati adalah persentase tanaman sakit, daun produktif, serta hasil dan mutu daun. Hasil penelitian menunjukkan bahwa varietas Coker 371 Gold menunjukkan persentase serangan krupuk terendah yaitu 6.89%, dengan penurunan daun produktif tanaman sakit sebesar 71.86%. Sedangkan dua galur harapan yaitu T.45/T.65 dan T.45/T.69 menunjukkan persentase tanaman sakit tak berbeda dengan DB 101, Coker 319, dan Coker 48, tetapi persentase penurunan daun produktifnya lebih rendah yaitu 53.44-68.03%. Kedua galur harapan ini menghasilkan krosok antara 10.12-10.30 kg/81 m2 dengan indeks  mutu antara 86.04-87.27 dan indeks tanaman antara 88.31-88.63. Varietas introduksi Coker 176 merupakan varietas yang paling rentan dengan tingkat serangan 42.67%, hasil krosok 7.77 kg/81 m2, indeks mutu 86.09, dan indeks tanaman 66.89.</P>
<P>Kata kunci: Nicotiana tabaccum L., virus krupuk, produksi, mutu</P>
</TEXT>
</DOC>
