<DOC>
<DOCNO>balaipenelitian000000-008</DOCNO>
<TITLE>Pestalotiopsis desseminata Pada Jambu Mente Biologi dan Interaksinya dengan Helopeltis antonii </TITLE>
<AUTHOR>Esther M. Adhi </AUTHOR>
<TEXT>
<P>RINGKASAN</P>
<P>Pestalotiopsis desseminata termasuk salah satu jamur patogen yang menyebabkan gejala bercak daun, mati pucuk dan bunga pada tanaman jambu mente.</P>
<P>Di lapangan diduga terjadi interaksi antara Helopeltis antonii dengan jamur lain, termasuk P. desseminata, sehingga menimbulkan kerusakan yang lebih parah.</P>
<P>Penelitian bertujuan untuk mempelajari beberapa aspek biologi jamur (patogenisitas, pertumbuhan miselia, produksi tubuh buah, sensitivitas terhadap fungisida) dan interaksinya dengan H. antonii.</P>
<P>Percobaan dilaksanakan mulai bulan April 1999-Maret 2000 di laboratorium dan rumah kaca Kelti Hama dan Penyakit, Balai Penelitian Tanaman Rempah dan Obat.  Isolat P. desseminata diisolasi langsung dari daun jambu mente.</P>
<P>Uji patogenisitas isolat P. desseminata dilakukan pada bibit jambu mente. Pertumbuhan jamur dan pengaruh fungisida terhadap jamur dilakukan secara in vitro pada medium agar. Interaksi P. desseminata dan H. antonii diuji dengan cara menginokulasikan jamur dan serangga, baik secara sendiri maupun kombinasi.</P>
<P>Hasil penelitian menunjukkan isolat P. desseminata membentuk tubuh buah berbentuk bulat dan berwarna hitam, berisi konidia berbentuk lonjong bersel 5, dan sel paling ujung mempunyai 3 buah rambut.  Tubuh buah hanya dibentuk pada kultur yang disinari dengan perlakuan cahaya lampu neon (600 lux) secara terus menerus.</P>
<P>Uji patogenisitas isolat-isolat P. desseminata pada bibit menimbulkan gejala bercak daun berbentuk bulat, sendiri-sendiri atau bergabung menjadi bercak yang lebih besar. Pertumbuhan miselia jamur in vitro dapat ditekan dengan perlakuan beberapa jenis fungsida, termasuk benomil 50% (1 ppm) dan tiopanatmetil 70% (10 ppm).</P>
<P>Kombinasi inokulasi antara P. desseminata dengan H. antonii menimbulkan kerusakan mati pucuk yang lebih berat dibandingkan dengan inokulasi secara sendiri-sendiri.</P>
<P>Kata kunci  Pestalotiopsis desseminata, Helopeltis antonii, Anarcardium occidentale L., biologi</P>
</TEXT>
</DOC>
