<DOC>
<DOCNO>balaipenelitian000000-004</DOCNO>
<TITLE>PENGARUH JARAK TANAM TERHADAP JUMLAH MATA TUNAS PADA BEBERAPA KLON KAPUK </TITLE>
<AUTHOR>MOCH. SAHID, BUADI, dan O.M.Y. FACHRUDIN  </AUTHOR>
<TEXT>
<P>RINGKASAN</P>
<P>Percobaan dilakukan di Kebun Percobaan Muktiharjo, Pati dari bulan Desember 1991 sampai dengan Desember 1993. Perlakuan disusun secara faktorial  dalam rancangan petak terbagi dengan tiga ulangan. Petak utama adalah dua macam jarak tanam kapuk masing-masing 2 m x 1 m dan 2 m x 2 m. Anak petak terdiri dari delapan macam klon sebagai sumber mata tunas yaitu : MH I, MH II, Togo B,  (Lanang 36 x Siam) x Congo, (Congo 2 x Lanang), (SS 29 x Congo), (Jepara x Congo 2), dan (P. Gudang x Lanang x Congo).  Ukuran petak 20 m x 4 m. Lubang tanam berukuran 0.6 m x 0.6 m x 0.6 m ditanami satu tanaman. Pupuk kandang dicampur dengan tanah digunakan sebagai penimbunan pada saat tanam. Bahan tanaman berupa bibit stum okulasi. Hasil penelitian menunjukkan bahwa jumlah mata tunas aktif dengan jarak tanam 2 m x 1 m lebih banyak dibanding 2 m x 2 m, masing-masing 147 625 dan 79 661 mata tunas per hektar, sedang diameter entresnya pada jarak tersebut masing-masing 34.47 mm dan 42.53 mm. Jumlah mata tunas aktif tertinggi dihasilkan oleh klon (SS 29 x Congo), yaitu 123 959.33 tunas per hektar dan 33.33 tunas per tanaman.</P>
<P>Kata kunci :   Ceiba pentandra, jarak tanam, klon, mata tunas, produksi</P>
</TEXT>
</DOC>
