<DOC>
<DOCNO>balaipenelitian000000-010</DOCNO>
<TITLE>	Biologi  Ooencyrtus malayensis Ferr. parasitoid telur Dasynus piperis China, pada inang alternatif  Nezara viridula L. 	</TITLE>
<AUTHOR> Asnimar Alwi dan Deciyanto Soetopo 	</AUTHOR>
<TEXT>
<P>Balai Penelitian Tanaman Rempah dan Obat</P>
<P>RINGKASAN</P>
<P>Hama buah (Dasynus piperis China) merupakan salah satu hama utama lada.</P>
<P>Hama  ini tersebar di seluruh pertanaman lada dengan tingkat serangan bervariasi  tergantung pada perlakuan budidayanya.</P>
<P>Ooencyrtus malayensis merupakan salah satu parasitoid telur yang dapat menekan perkembangan hama buah di lapangan.</P>
<P>Tujuan penelitian ini adalah untuk mengetahui aspek biologi parasitoid telur O. malayensis pada telur inang alternatif Nezara viridula di laboratorium.</P>
<P>Rancangan yang digunakan adalah acak lengkap dengan 4 ulangan.</P>
<P>Dasynus piperis berasal dari  hasil biakan dari buah lada yang berasal dari perkebunan lada di Bangka.</P>
<P>Inang alternatif yang digunakan adalah telur serangga  pengisap polong kedelai (N. viridula) yang diperbanyak di laboratorium dan diberi makanan kacang panjang.</P>
<P>Penelitian dilaksanakan di Laboratorium Hama Balai Penelitian Tanaman Rempah dan Obat, Bogor mulai bulan Juli 1998 sampai bulan Februari 1999.</P>
<P>Percobaan dibagi menjadi 7 tahap yaitu potensi peletakan telur, umur pra dewasa, banyaknya imago yang muncul dari satu telur inang, preferensi umur telur, pengaruh lama infestasi, pengaruh penyimpanan di kulkas (4oC) dan pengaruh populasi parasitoid.</P>
<P>Hasil penelitian menunjukkan bahwa parasitoid O. malayensis yang diberi telur N. viridula  selama hidupnya menghasilkan turunannya  sebanyak 85.5 ekor.</P>
<P>Umur pra dewasa parasitoid berkisar 12 sampai 16 hari. Dari satu telur inang (N.viridula)  keluar 3 ekor parasitoid.</P>
<P>Telur N. viridula yang disenangi berumur 0-2 hari. Telur N. viridula dapat disimpan selama  25 hari di kulkas. Semakin lama infestasi dan semakin banyak pasangan parasitoid yang diinfestasikan pada N. viridula semakin banyak turunan parasitoid yang dihasilkan.</P>
</TEXT>
</DOC>
