<DOC>
<DOCNO>balaipenelitian000000-006</DOCNO>
<TITLE>PENGARUH PEMANGKASAN TANAMAN LADA DAN TAJARNYA TERHADAP HASIL </TITLE>
<AUTHOR>Usman Daras dan Pasril Wahid  </AUTHOR>
<TEXT>
<P>RINGKASAN</P>
<P>Untuk memperoleh hasil lada yang sebaik mungkin, petani berusaha memelihara tanaman ladanya dengan berbagai cara, termasuk melakukan pemangkasan tajar kalau menggunakan tajar hidup sebagai tiang panjatnya dan atau memangkas tanaman ladanya itu sendiri. Sampai sejauh ini, informasi atau hasil-hasil penelitian mengenai manfaat  pemangkasan tajar ataupun tanaman ladanya boleh dikatakan masih  terbatas. Oleh sebab itu, suatu penelitian lapangan dilakukan untuk mengetahui pengaruh pemangkasan tajar dan tanaman ladanya terhadap hasil. Penelitian dilakukan di IP. Sukamulya Sukabumi pada tahun 1986, 1987 dan 1988, dengan menggunakan rancangan petak terbagi yang diulang tiga kali. Pemangkasan tajar ditempatkan pada petak utama dan pemangkasan tanaman lada pada anak petak. Ukuran petak adalah 20 tanaman dengan jarak tanam 2.5 m x 2.5 m. Hasil penelitian menunjukkan adanya pengaruh interaksi yang  nyata antara pemangkasan tajar dan tanaman ladanya. Pemangkasan tajar dapat dilakukan 3 kali setahun (Oktober, Januari, dan April) atau 2 kali setahun (Oktober dan Januari). Apabila tajarnya dipangkas secara intensif (3 kali setahun) maka pemangkasan ladanya cukup sekali setahun atau tidak perlu dipangkas sama sekali.  Sebaliknya, bila pemangkasan tajarnya dilakukan 2 kali setahun maka tanaman ladanya harus lebih sering dipangkas (6 kali setahun).</P>
<P>Kata kunci : Piper nigrum, pemangkasan, tiang panjat</P>
</TEXT>
</DOC>
