<DOC>
<DOCNO>balaipenelitian000000-012</DOCNO>
<TITLE>Status Logam Berat Kadmium dan Hasil Rimpang Temuireng (Curcuma aeruginosa Roxb.) pada  Beberapa Dosis Pemupukan Fosfat</TITLE>
<AUTHOR>Mono Rahardjo</AUTHOR>
<TEXT>
<P>Balai Penelitian Tanaman Rempah dan Obat</P>
<P>Kadmium (Cd) merupakan  logam berat yang berbahaya bagi manusia, dapat bertambah kadarnya di dalam  tanah akibat pupuk fosfat, karena Cd terkandung di dalam batuan endapan fosfat sebagai bahan dasar pupuk fosfat. Disinyalir bahan obat asal tumbuhan dari Asia dikenal dalam perdagangan telah terkontaminasi oleh logam berat. Kontaminasi tersebut terutama berasal dari lingkungan tanah tempat tumbuh. Oleh karena itu status kadmium dari rimpang temu ireng yang dipupuk fosfat perlu diteliti. Penelitian dilaksanakan di IP. Cimanggu Balittro mulai Agustus 1997-Juni 1998. Percobaan menggunakan polybag berisi 25 kg tanah Latosol kering angin dari Bogor dicampur dengan 1 kg sekam padi dan 2 kg pupuk kandang kotoran sapi.  Perlakuan yang dicobakan, (1) tanpa NPK, dan 8 dosis  pupuk TSP: (2)0;  (3)2.5;  (4)5;  (5)7.5;  (6)10;  (7)12.5;  (8)15 ; (9)20 g/polybag, masing-masing ditambah dengan 15 g urea dan 10 g KCl. Percobaan menggunakan rancangan acak kelompok dengan 4 ulangan, tanaman dipanen umur 8.5 BST. Hasil penelitian menunjukkan bahwa pemupukan 2.5 sampai dengan 20 g TSP per polybag dapat meningkatkan simplisia kering (24.3 sampai 40%), tetapi pemupukan TSP 5  sampai dengan 20 g (351.7 sampai 375.2 g/tanaman) tidak nyata meningkatkan hasil rimpang dibandingkan dengan pemupukan 2.5 g (333.1 g/tanaman).  Kadar Cd rimpang dengan pemupukan 5 sampai dengan 20 g TSP (1 181 2 756 ppm), telah mencapai nilai diatas ambang batas yang ditentukan oleh Undang-Undang Negara Jepang (1 ppm) dan WHO (0.24 ppm), sedangkan perlakuan 0 dan 2.5 g TSP kadar Cd  (0.630 dan 0.945 ppm), di bawah ambang batas negara Jepang akan tetapi diatas ambang batas WHO. Kadar Cd tinggi pada rimpang 1 181 2 756 ppm), menyebabkan simplisia ini tidak dapat dipakai sebagai bahan baku obat.</P>
<P>Kata kunci :          Curcuma aeruginosa Roxb., pupuk fosfat, kadmium, hasil</P>
</TEXT>
</DOC>
