<DOC>
<DOCNO>balaipenelitian000000-002</DOCNO>
<TITLE>REKAYASA KOLEKTOR SURYA DAN KOMPOR LPG PADA PENGOVENAN DAUN TEMBAKAU VIRGINIA </TITLE>
<AUTHOR>SAMSURI TIRTOSASTRO, DARMONO, dan subandi</AUTHOR>
<TEXT>
<P>Produksi krosok tembakau virginia fc (flue-cured) Indonesia setiap tahun mencapai 30 000 ton. Untuk mengolah tembakau ini diperlukan minyak tanah 1.29 l/kg krosok atau 38.7 juta liter  setiap  tahun,   senilai Rp 15.5 milyar. Minyak tanah sebagai bahan bakar dan untuk keperluan rumah tangga di pedesaan mendapat subsidi cukup tinggi dari pemerintah. Untuk keperluan industri seperti pengolahan tembakau disediakan bahan bakar minyak solar, minyak bakar, minyak residu atau sumber energi alternatif lain seperti energi surya, batubara, LPG (Liquified Petroleum Gas) dan lain-lain. Penelitian ini bertujuan merekayasa dan menguji kolektor surya dan kompor LPG yang sesuai untuk pengovenan tembakau virginia. Pada penelitian ini dilakukan pengovenan daun tembakau virginia dengan bahan bakar LPG dan dikombinasi dengan pemasangan kolektor surya pada bagian atap oven. Oven yang digunakan berukuran 4 m x 4 m x 7 m dengan isi dua ton daun tembakau. LPG dibakar dengan kompor BAT/ Balittas-I yang dirancang khusus untuk oven tembakau virginia. Cara pengovenan mengikuti kebiasaan yang berlaku dan hasil penelitian dievaluasi berdasar aspek teknis dan aspek ekonomi. Lokasi percobaan di emplasemen P.T. Sadhana Arif Nusa, Lombok Timur, Nusa Tenggara Barat, penelitian dilaksanakan dari bulan Agustus sampai dengan September 1997. Penggunaan bahan bakar LPG dan kolektor surya sebagai sumber energi dapat memenuhi target suhu yang diinginkan (30-70oC) pada fase-fase pengovenan. Kebutuhan LPG 0.86 kg tiap kg krosok dan energi surya menyumbang 6.48% dari total kebutuhan energi pengolahan. Tinjauan dari aspek ekonomi memberi indikasi bahwa penggunaan bahan bakar LPG dan energi surya belum memberi keuntungan. Harga LPG yang mahal (Rp 1 000/kg) dan biaya investasi pembelian tangki LPG (Rp 1.6 juta/unit) serta  pembangunan  atap kolektor surya (Rp 1.5 juta/unit) menjadi penyebab belum dapat diperolehnya keuntungan tersebut.</P>
<P>Kata kunci : Nicotiana tabacum L., oven, kompor LPG, kolektor surya, bahan bakar LPG, aspek ekonomi</P>
</TEXT>
</DOC>
