<DOC>
<DOCNO>balaipenelitian000000-005</DOCNO>
<TITLE>PENGARUH KOMPOSISI PUPUK KS, ZA, DAN UREA, SERTA DOSIS N TERHADAP MUTU TEMBAKAU BESUKI NO </TITLE>
<AUTHOR>MOCHAMMAD SHOLEH, ABDUL RACHMAN, dan  MACHFUDZ  </AUTHOR>
<TEXT>
<P>RINGKASAN</P>
<P>Penelitian yang bertujuan untuk mengetahui pengaruh komposisi pupuk Kalk Salpeter (KS), ZA, dan urea, serta dosis N terhadap mutu tembakau besuki NO, telah dilakukan di Desa Ajung Kecamatan Ajung, Kabupaten Jember, mulai bulan Juni 1999 sampai Maret 2000.  Perlakuan  terdiri atas dua faktor yaitu komposisi pupuk dan dosis N. Lima komposisi pupuk, yaitu KS; KS(50%)+ZA(50%); ZA; KS(50%)+urea(50%); dan urea. Tiga dosis N, yaitu 60, 90 dan 120 kg N/ha. Kelimabelas kombinasi perlakuan ini disusun dalam rancangan acak kelompok (RAK) faktorial dengan 3 ulangan. Analisis data menggunakan metode deskriptif pada masing-masing faktor.  Varietas yang digunakan adalah H 382.  Jarak tanam  (100+70) cm x 40 cm (double row) dengan populasi 168 tanaman per petak. Hasil penelitian menunjukkan bahwa penggunaan pupuk ZA atau urea sebagai pupuk susulan relatif sama dengan pupuk KS pada aspek mutu dekblad dan omblad, ketebalan daun, dan daya bakar.  Namun penggunaan pupuk ZA atau urea baik separuh ataupun seluruhnya sebagai pupuk susulan dapat menurunkan mutu organoleptik dibanding pupuk KS, yaitu dapat meningkatkan sifat rasa pahit/getir, iritasi/nyegrak ringan, kurang aromatis, bau rumput/langu, warna abu berubah dari putih ke arah hitam, dan kerontokan abu yang tidak dikehendaki oleh konsumen. Berdasarkan mutu organoleptik, menunjukkan bahwa (1) pupuk ZA dan urea masing-masing hanya sebagai pupuk starter dan tidak dianjurkan sebagai pupuk susulan; (2) pupuk susulan yang terbaik adalah pupuk KS yang selama ini telah berkembang;  (3) dosis pupuk N optimal adalah 60 kg N/ha.</P>
<P>Kata kunci : Nicotiana tabacum, tembakau Besuki NO, pupuk, nitrogen, mutu</P>
</TEXT>
</DOC>
