<DOC>
<DOCNO>balaipenelitian000000-009</DOCNO>
<TITLE>Potensi Bakteri Antagonis Dalam Menekan Perkembangan  Penyakit Layu Bakteri Jahe </TITLE>
<AUTHOR>Karden Mulya </AUTHOR>
<TEXT>
<P>Penyakit layu bakteri yang disebabkan oleh Pseudomonas solanacearum pada tanaman jahe (Zingiber officinale Rosc.), merupakan penyakit penting di Indonesia. Penelitian ini bertujuan untuk menguji potensi agensi hayati dalam menekan perkembangan penyakit layu bakteri jahe.  Untuk itu telah dilakukan penelitian di rumah kaca Balittro Bogor pada tahun 1997/1998 dan dilanjutkan penelitian di lapang di IP Sukamulya (Sukabumi) pada tahun 1998/1999. Pada percobaan rumah kaca, tujuh jenis bakteri antagonis baik secara sendiri-sendiri maupun gabungan yang diformulasikan dalam suatu pembawa, yaitu bakteri antagonis P. fluorescens (PF), P. cepacia (PC), Bacillus (BC), campuran PF+PC, campuran PC+BC, campuran PF+BC, dan campuran PF+PC+BC diuji di rumah kaca pada tanaman jahe yang ditanam pada pot yang berisi tanah bekas tanaman tomat terinfeksi P. solanacearum.  Hasil percobaan ini menunjukkan bahwa campuran PF+PC+BC nyata menekan perkembangan penyakit layu bakteri dibanding kontrol dan lebih baik dibandingkan dengan formulasi lainnya. Pada penelitian lapang yang dilakukan di daerah endemik penyakit layu bakteri, diuji campuran PF+PC+BC,  Trichoderma harzianum (Blt-1), dan campuran PF+PC+ BC+Blt-1 pada dua level interval aplikasi yaitu 2 kali pemberian dengan selang dua bulan dan 4 kali pemberian dengan selang 1 bulan sampai jahe berumur 4 bulan setelah tanam. Hasil penelitian menunjukkan ketiga antagonis yang diuji nyata menekan perkembangan penyakit layu bakteri dan nyata meningkatkan hasil rimpang jahe.  Tidak ada perbedaan hasil yang nyata antara perlakuan interval dan jumlah aplikasi. Namun, pemakaian formulasi agen hayati tidak dapat sepenuhnya membebaskan rimpang dari infeksi P. solanacearum.</P>
<P>Kata kunci: Zingiber officinale, Pseudomonas solanacearum, bakteri antagonis,  pengendalian hayati</P>
</TEXT>
</DOC>
