<DOC>
<DOCNO>balaipenelitian000000-011</DOCNO>
<TITLE>RESPON EMPAT KELAPA HIBRIDA HARAPAN TERHADAP PENYAKIT BUSUK PUCUK DAN GUGUR BUAH</TITLE>
<AUTHOR>A.A. LOLONG, E.T. TENDA, dan J.C. ALOUW</AUTHOR>
<TEXT>
<P>Balai Penelitian Kelapa dan Palma Lainnya</P>
<P>Penelitian ini bertujuan untuk mendapatkan data informasi tentang ketahanan empat kelapa hibrida harapan GRA x DMT, GKB x DMT, GKN x DTE, GKB x DTE terhadap penyakit busuk pucuk  (PBP) dan gugur buah (PGB) yang disebabkan oleh Phytophthora palmivora.  Penelitian lapang dilakukan terhadap serangan PBP pada petak percobaan kelapa selama 4 tahun (1995-1998) mulai tanaman berumur 7 tahun di Inlitka Kima Atas, Kabupaten Minahasa, Provinsi Sulawesi Utara. Percobaan lapang dirancang secara acak kelompok (RAK) dengan 6 perlakuan (4 hibrida harapan, 2 pembanding yaitu KHINA-1 dan PB-121) dan 60 ulangan. Penelitian laboratorium dilakukan untuk mempelajari perkembangan infeksi buatan P. palmivora pada buah kelapa. Percobaan dirancang secara acak lengkap (RAL) dengan 6 perlakuan (4 kelapa hibrida, 2 kelapa pembanding), diulang 10 kali. Hasil penelitian lapang menunjukkan bahwa persentase serangan PBP tertinggi pada kultivar kelapa hibrida  PB-121 (23.33%) kemudian diikuti dengan GKN x DTE (8.33%), KHINA-1 (5.0%), dan GKB x DMT (3.33%), sedangkan hibrida-hibrida GKB x DTE dan GRA x DMT hingga 4 tahun pengamatan belum satupun terserang PBP. Pengujian dilaboratorium menunjukkan bahwa patogen berkembang sangat cepat pada buah kelapa kultivar KHINA-1 dengan laju pertumbuhan rata-rata 12.62 mm2/hari. Perkembangan patogen pada kultivar GKB x DTE  dan GRA x DMT, paling lambat (8.9 mm2/hari), sedangkan  pada kultivar PB-121, GKN x DTE, dan GKB x DMT perkembangannya moderat (9-10.2 mm2/hari).</P>
<P>Kata kunci :           Phytophthora palmivora, ketahanan, busuk pucuk, gugur buah, Cocos nucifera</P>
</TEXT>
</DOC>
