<DOC>
<DOCNO>bitraindonesia000000-001</DOCNO>
<TITLE>PROGRAM PERTANIAN</TITLE>
<AUTHOR></AUTHOR>
<TEXT>
<P>Kegiatan bidang pertanian dibagi atas dua wilayah yakni wilayah dataran tinggi dan wilayah dataran rendah. Untuk wilayah dataran rendah karakteristik petaninya pada umumnya adalah petani pengelola tanaman pangan (padi dan palawija). Bentuk kerjasama yang dilakukan antara lain : memfasilitasi paket pinjaman untuk irigasi pompa (small scale irrigation), irigasi sumur bor (shallow well irrigation), penyuluhan pengendalian hama terpadu.(Integrated Pest Management Training), pinjaman sarana produksi seperti pupuk sintetis, memfasilitasi pembuatan lantai jemur sederhana, memberikan paket pinjaman lunak untuk alat hand traktor, memberikan penguatan kepada petani dan perempuan melalui studi banding dan melibatkan mereka (kelompok) dalam setiap kegiatan pertemuan dan seminar.</P>
<P>Program yang  dijalankan pada wilayah dataran rendah meliputi : memberikan bantuan dalam paket pinjaman lunak kepada kelompok-kelompok masyarakat tani di pedesaan untuk  pembangunan sarana irigasi pompa yang dilakukan  sejak bulan November 1998, yang  sampai saat ini ada sekitar 8 unit  pompa yang dipasang pada saluran irigasi yang telah dibangun dan diberikan  berdasarkan kebutuhan dari masyarakat, sementara jumlah sumur pompa (shallow well irrigation) ada 90 unit yang diberikan kepada petani yang menjadi dampingan BITRA.</P>
<P>Kegiatan belajar bersama petani yang dilakukan untuk kelompok-kelompok tani  di pedesaan dengan memberikan paket pendidikan bagaimana petani trampil dalam proses pengamatan dan uji coba yang dilakukan dalam bentuk kegiatan  Sekolah Lapang Pengendalian Hama Terpadu  Tanaman Pangan dan Sekolah Lapang Pengendalian Hama Terpadu Tanaman untuk program Polikultur.  Proses belajar yang dilakukan dengan menganut metodelogi Participatory Rural Appraisal yang diimplementasikan dalam proses sekolah lapang. Untuk kebutuhan pokok bahasan dan masalah akan dirancang bersama seluruh peserta program,  sehingga bahasan materi dan uji coba disesuaikan dengan kebutuhan kelompok yang diharapkan bisa menjawab permasalahan yang dihadapi anggota masyarakat.</P>
<P>Untuk program pinjaman sarana produksi pupuk sintetis, kegiatan ini tidak dilanjutkan mengingat harga pupuk yang terlalu tinggi dan besarnya ketergantungan petani terhadap penggunaan pupuk, disamping konsep pertanian yang dibangun mengacu pada pertanian berkelanjutan dan pertanian organik. Motivasi dan aktivitas yang dilakukan adalah dengan menekankan pada pemanfaatan pupuk dan pestisida alami.</P>
<P>Sejak tahun 1999 sampai 2002 paket pinjaman lunak untuk penggunaan traktor telah disalurkan sebanyak 10 unit kepada petani, sedangkan lantai jemur diberikan kepada 2 orang petani yang membuka usaha kilang padi yang anggotanya adalah kelompok masyarakat yang menjadi dampingan BITRA. Kegiatan yang dilakukan untuk wilayah dataran tinggi telah dikembangkan usaha pertanian tanaman keras campuran di kawasan wilayah Kecamatan Sibolangit dan Kutalimbaru Kabupaten Deli Serdang yang disebut pertanaman dengan sistem  polikultur yang dikelola oleh rakyat. Untuk melengkapi program polikultur ini sejak 1998 BITRA Indonesia melakukan kegiatan pembelajaran dan pengembangan berbagai jenis benih komoditi tanaman keras antara lain durian, manggis, jambu, asam gelugur, pinang, sawo, lada,  jeruk, cacao, duku, kemiri, kopi dan lain-lain yang dikelola secara khusus, di lokasi desa Sayum Sabah Kecamtan Sibolangit dengan luas areal 2000 meter atau sekitar 4 ha. Sarana yang dimiliki adalah ruang belajar, rumah plastik (pengganti rumah kaca), rumah pembibitan dan teknik yang dikoleksi meliputi okulasi, sambung pucuk(enten), perbanyakan generatif, sambung samping dan pencangkokan.</P>
<P>Selain kegiatan latihan dan diskusi yang diberikan kepada kelompok dengan tujuan memberikan  penguatan kepada anggota masyarakat khususnya dampingan BITRA, kegiatan lain yang diberikan untuk kelompok tani yang berada  di wilayah dataran tinggi adalah dalam hal  kerjasama pemutaran modal dalam bentuk pemberian dana pinjaman yang disalurkan kepada 14 anggota kelompok yang diberikan pada tahun 1998 - 2000. dan 6 anggota kelompok pada tahun 2000 - 2001 yang ada di 2 kecamatan (Kutalimbaru dan Sibolangit) dengan jumlah peserta lebih kurang 293 kk  dengan luas lahan keseluruhan ada sekitar 380 ha..  Sampai periode Desember 2001 jumlah dana yang berputar dikelompok dampingan BITRA sebesar Rp. 652.330.000.</P>
</TEXT>
</DOC>
