<DOC>
<DOCNO>gatra270602</DOCNO>
<TITLE>Pohon Kelapa Bercabang 18 Masuk MURI</TITLE>
<AUTHOR>Tma dan Ant</AUTHOR>
<DATE> 27 Juni 2002 </DATE>
<TEXT>
<P>Sebatang pohon kelapa yang tumbuh di kawasan pantai Patra Jasa Resort, Bali yang memiliki keajaiban karena bercabang18 dan tinggi 18 meter menjadi koleksi Museum Rekor Indonesia (MURI) Semarang.</P>
<P>Manajer MURI Paulus Pangka, SH di Semarang, Kamis mengatakan, pohon kelapa itu memiliki kriteria ajaib karena keberadaannya unik dan langka, bahkan kemungkinan baru pertama kali di Indonesia.</P>
<P>Ia mengatakan, apabila rekor pohon kelapa itu sudah menjadi koleksi museum rekor, maka bisa dijadikan sebagai sarana penelitian dari disiplin ilmu bidang pertanian, terutama bagi lembaga penelitian maupun perguruan tinggi pertanian di Indonesia.</P>
<P>Setiap ada prestasi yang memiliki kriteria ajaib dari berbagai kota di Indonesia setelah maupun masih dalam proses pengusulan menjadi koleksi museum rekor bisa dijadikan sarana penelitian, katanya.</P>
<P>Sebagai contoh, kata dia, pemecahan rekor sebelumnya bahwa ada batu akik milik S. Mulyadi warga jalan Kahuripan 22 Surabaya, secara mendadak muncul ada tulisan Arab dalam batu akik tersebut dengan kalimat Allahu Akbar  (Allah Maha Besar).</P>
<P>Batu akik itu dibeli tahun 1988 di pasar Kayoon Surabaya, namun secara mendadak tahun 1995 dalam batu akik tersebut muncul tulisan Arab Allahu Akbar, katanya.</P>
<P>Bahkan, untuk membuktikan tulisan Arab dalam batu akik yang muncul secara mendadak itu, akhirnya ia berinisiatif untuk diteliti keabsahannya yaitu pada laborartorium Gemologi di Surabaya maupun laboratorium serupa di Thailand.</P>
<P>Dalam penelitian itu menghasilkan fakta yang bisa dipertanggungjawabkan, bahwa munculnya tulisan Arab itu secara alami dan tidak rekayasa, apalagi S. Mulyadi seorang pemeluk Agama Buddha, kata Paulus.</P>
<P>Berbagai prestasi yang berasal dari kota di Indonesia itu apabila sudah menjadi koleksi museum rekor bisa dijadikan sarana percontohan untuk saling berlomba agar bisa mencapai berprestasi yang lebih gemilang.</P>
<P>Sejak berdirinya MURI Semarang, 27 Januari 1990 sampai 27 Juni 2002, jumlah rekor yang sudah menjadi koleksi dalam museum rekor ini mencapai 227, katanya.</P>
</TEXT>
</DOC>
