<DOC>
<DOCNO>gatra180702</DOCNO>
<TITLE>Kiemas dan Lima Menteri akan Bahas Agenda Pembangunan Pro Petani</TITLE>
<AUTHOR>Tma dan Ant</AUTHOR>
<DATE> 18 Juli 2002</DATE>
<TEXT>
<P>Suami Presiden Megawati Soekarnoputri, Taufik Kiemas disertai lima menteri kabinet gotong royong, Kamis, dijadwalkan datang ke Bogor untuk membahas agenda pembangunan yang pro-petani. Para menteri yang menyertai Taufik Kiemas itu adalah Mensritek Hatta Radjasa, Menperindag Rini Suwandi, Menhut Prakosa, Menteri Kelautan dan Perikanan Rokhmin Dahuri serta Menteri Pertanian Bungaran Saragih.</P>
<P>Menurut informasi dari berbagai pihak di Bogor, agenda yang akan dibahas dalam kunjungan ke Kota Hujan itu terkait dengan soal-soal pembangunan yang pro-petani. Hal ini karena di kota Bogor terdapat sejumlah perguruan tinggi baik negeri maupun swasta punya fakultas, jurusan maupun program studi pada ilmu-ilmu pertanian. Di Bogor juga terdapat Institut Pertanian Bogor (IPB) yang disebut sebagai institusi pendidikan tinggi terbesar kedua di Asia untuk pertanian tropika.</P>
</TEXT>
</DOC>
