<DOC>
<DOCNO>gatra300404</DOCNO>
<TITLE>Beasiswa Menjaring Petani Mengisi Pundi	</TITLE>
<AUTHOR>Khudori, Amalia K. Mala, dan Ida Farida (Bandung)</AUTHOR>
<DATE> Jumat 30 April 2004	</DATE>
<TEXT>
<P>JADI "petani" bukanlah cita-cita Dian Iqra Pranita. Perempuan kelahiran Ambon, 30 Mei 1986, itu ingin menekuni dunia seni rupa dan kuliah di Jurusan Seni Rupa Institut Teknologi Bandung. Tapi lantaran tak ada yang membiayai, lulusan SMU 5 Bandung itu harus mengubur cita-citanya. Dian lantas menerima tawaran dari Pemerintah Kabupaten Buru, Maluku, untuk belajar ke Institut Pertanian Bogor (IPB). "Enak, kuliah saya dibiayai," ujarnya.</P>
<P>Dian adalah salah satu dari tujuh siswa yang menikmati program beasiswa utusan daerah (BUD), yang dilansir IPB sejak tahun lalu. Oleh Pemerintah Kabupaten Buru, Dian dimasukkan ke jurusan budi daya pertanian, program studi pemuliaan tanaman. Setelah lulus nanti, Dian mesti mengabdi menjadi "petani" di Buru, tempat keluarganya tinggal. Tentu bukan petani betulan, melainkan pegawai negeri yang membidangi pertanian.</P>
<P>Menurut Rektor IPB, Ahmad Ansori Mattjik, program anyar ini sengaja dibuka karena banyak lulusan IPB yang enggan kembali ke daerah. Padahal, tenaga putra-putri daerah itu sangat dibutuhkan dalam era otonomi daerah sekarang ini. "Selama ini, mereka malah ngumpul di DKI Jakarta dan Jawa Barat," ujar Mattjik. Lewat BUD, IPB mengundang pemda-pemda untuk mengirimkan utusan terbaiknya guna menempuh pendidikan sarjana. Semua jurusan dan program studi terbuka untuk dimasuki.</P>
<P>Untuk menyelesaikan program studi S-1 selama empat tahun, biaya kuliah BUD rata-rata Rp 9 juta per tahun tiap mahasiswa. Ini di luar ongkos pendaftaran, biaya asrama tahun pertama, deposit, dan biaya perlengkapan yang mencapai Rp 1,75 juta. Jadi, jika seorang mahasiswa menyelesaikan studinya selama empat tahun, kocek yang harus dirogoh pemda Rp 60-an juta. Ini sudah termasuk ongkos hidup dan membeli buku.</P>
<P>Tapi kalau dihitung-hitung, biaya kuliah lewat program BUD ini lebih mahal ketimbang program reguler. Mahasiswa program reguler hanya ditarik Rp 3 juta per semester. Tak mengherankan bila muncul tudingan bahwa program BUD menjadi ladang baru IPB untuk mempertebal pundi-pundinya.</P>
<P>Namun tudingan itu dibantah. "Itu tidak benar," kata Mattjik. Menurut guru besar bidang biometrika ini, duit yang ditangguk dari program BUD tak seberapa. Mahasiswa yang bisa dijaring lewat program ini paling banter cuma 100 orang.</P>
<P>Sementara setiap tahunnya, perguruan tinggi pertanian tertua di Tanah Air itu menerima 2.800 mahasiswa baru. Dari jumlah itu, 1.500 orang dijaring lewat undangan seleksi masuk IPB. Sisanya lewat ujian masuk perguruan tinggi, dan seleksi mahasiswa berprestasi internasional dan nasional.</P>
<P>Tapi kata Kepala Subdit Pengelolaan Kerja Sama IPB, Purnama Hidayat, sedikitnya peserta program BUD ini lantaran penanganannya belum maksimal. Karena itu, mulai tahun ini IPB lebih serius berpromosi. Menurut Hidayat, syarat mengikuti program relatif mudah: umur maksimal 25 tahun, boleh yang baru lulus SMU atau pegawai. Nilai rata-rata rapor minimal 7 untuk Jawa, 7,5 Sumatera, dan 8 daerah lainnya. Juga harus sehat jasmani-rohani dan bebas narkoba.</P>
<P>Untuk mengantisipasi kemungkinan terjadinya perubahan kebijakan lantaran lengsernya kepala daerah, IPB mengikat pemda dengan nota kesepahaman. Pemda harus bersedia membiayai mahasiswa peserta program BUD hingga kuliah selesai. Sejauh ini, sudah ada sekitar 50 pemda yang sedang dalam proses kerja sama.</P>
<P>Salah satunya adalah Kabupaten Cianjur, Jawa Barat. Menurut Bupati Wasidi Suwastono, saat ini pihaknya tengah menjaring siswa yang bakal dikirim. Wasidi akan memasukkan dua atau tiga siswa terpilih untuk masuk ke jurusan budi daya pertanian dan kelautan. "Kami punya potensi laut, tapi sarjana kelautan kurang," katanya. Meski Cianjur terkenal sebagai daerah penghasil beras dan sayur-mayur, wilayah dengan dua juta penduduk ini memiliki garis pantai yang lumayan panjang: 75 kilometer.</P>
<P>Agar mahasiswa yang telah dibiayai itu mau kembali ke daerah dan tak lari setelah lulus, mereka akan diikat dengan perjanjian. Sehingga IPB dan mahasiswa untung, pemda tak cuma gigit jari.</P>
</TEXT>
</DOC>
