<DOC>
<DOCNO>gatra150802</DOCNO>
<TITLE>Menteri Kelautan: Free Tapi Tidak Fair	</TITLE>
<AUTHOR>Tma,Ant</AUTHOR>
<DATE> 15 Agustus 2002 </DATE>
<TEXT>
<P>DR. Ir. Rokhmin Dahuri, MS, benar-benar orang laut. Masa kecilnya dihabiskan di daerah pesisir di pinggiran Cirebon, Jawa Barat. Ayahnya, H. Dahuri Ismail, adalah nelayan. Ibunya, Ny. Dasmirah, pedagang ikan di pasar. Dia meraih master kelautan dari Institut Pertanian Bogor (IPB), tak lama setelah meraih gelar sarjananya. Adapun doktornya diperoleh dari Dalhouse University Nova Scotia, Kanada, dengan spesialisasi di bidang teknologi pengelolaan sumber daya kelautan.</P>
<P>Sebelum menjadi menteri, Rokhmin, kini 43 tahun, aktif dalam bidang kelautan dan perikanan. Ia mendirikan dan memimpin Pusat Kajian Sumber Daya Pesisir dan Lautan IPB. Selain itu, dia juga merintis dan menjadi ketua program studi S-2 dan S-3 bidang pengelolaan sumber daya pesisir dan kelautan. Rokhmin pernah menjabat Direktur Jenderal Pesisir dan Pulau Kecil, Departemen Kelautan dan Perikanan, sebelum menjabat menteri.</P>
<P>Juli 2001, Rokhmin dilantik sebagai Menteri Kelautan dan Perikanan, menggantikan Ir. Sarwono Kusumaatmadja. Kemudian ia juga diangkat sebagai Menteri Kelautan dan Perikanan dalam Kabinet Gotong Royong. "Obsesi saya, mengangkat nelayan dari kemiskinan," katanya.</P>
<P>Berikut petikan wawancara Rokhmin dengan Heni Kurniasih dari GATRA, yang menemuinya di Departemen Kelautan dan Perikanan RI, Jakarta.</P>
<P>World Food Summit di Roma, Italia, Juni lalu, merekomendasikan agar perdagangan bebas untuk produk-produk perikanan bersifat fair. Selama ini, apa yang terjadi?</P>
<P>Sekarang ada banyak ketidakadilan, antara lain pembatasan tarif. Misalnya, ekspor ke Uni Eropa dikenai pajak impor 20%. Kalau negara-negara Afrika, Karibia, non-Pasifik, 0%. Itu kan tidak adil. Posisi kita terpojokkan.</P>
<P>Soal lain, misalnya, kandungan chlorom funicol yang diberlakukan Uni Eropa adalah zero tolerance. Padahal, negara lain yang sama tingkat kemajuan dan tingkat kesehatannya tidak menerapkan 0%. Misalnya, Amerika Serikat menerapkan 5 ppb. Jepang menerapkan 10 ppb.</P>
<P>Mengapa Uni Eropa (UE) menerapkan 0%?</P>
<P>Memang, ada yang tidak logis kenapa UE menerapkan 0%. Padahal, ada jenis-jenis ikan tertentu dan sapi dari UE sendiri mengandung 3 ppb. Ini akal-akalan UE agar secara politis didukung rakyatnya. Saya mendapat informasi dari NGO di sana bahwa itu upaya UE memenuhi tuntutan rakyatnya. Misalnya, Islandia keberatan dengan masuknya udang Indonesia. Berarti tidak fair kalau seperti itu.</P>
<P>Mengapa Indonesia gampang disalahkan, misalnya kasus embargo udang oleh Amerika Serikat?</P>
<P>Embargo udang oleh Amerika itu juga tidak fair. Ketika melakukan investigasi, mereka juga cuma mengambil sampel dari dua kapal di Sorong. Lagi pula, menurut aturan yang juga berlaku di Amerika, sebelum melaporkan ke Departemen Luar Negeri serta Badan Pengawasan Obat-Obatan dan Makanan Amerika (FDA), mereka harus meminta klarifikasi ke otoritas negara itu. Kalau nggak menteri, ya, dirjen. Itu tak dilakukan. Tapi, itu sudah selesai. Kita sudah boleh lagi ekspor ke Amerika.</P>
<P>Kembali ke World Food Summit. Apa rekomendasinya mengikat?</P>
<P>Seharusnya mengikat. Tapi, terus terang, saya khawatir pada tahap implementasinya. Kepala pemerintahan negara maju yang datang pada pertemuan itu hanya dua, yaitu Belanda dan Italia. Yang lain, Prancis, Amerika, dan sebagainya, tidak datang. Contohnya pembatasan emisi karbon. Mana mau Amerika mengikuti Protokol Kyoto tentang pembatasan emisi karbon. Terus terang saja, negara maju itu mau enaknya sendiri.</P>
<P>Maksud Anda?</P>
<P>Mereka tak membuat komitmen untuk mengubah pola konsumsi dan produksi. Sebenarnya, dari negara maju, perusakan lingkungan disebabkan tingkat konsumsi mereka terhadap sumber daya alam. Kalau nggak salah, konsumsi protein 20 kali lipat. Konsumsi baja juga 20 kali lipat. Misalnya saja di Kanada, penduduknya hanya 26 juta, sedangkan jumlah mobilnya 13 juta. Jadi, satu mobil untuk dua orang. Di Indonesia, mungkin satu mobil untuk 10.000 orang.</P>
<P>Kendala apa saja yang dihadapi untuk membangun potensi kelautan kita?</P>
<P>Ada kendala internal dan eksternal. Kendala internal memang membebani kita, tetapi hanya 30%. kendala eksternal jauh lebih menghambat. Salah satunya kendala eksternal itu, ya, minimnya dukungan dari perbankan. Masih jauh dari memadai. Saya kecewa sekali, perbankan belum menjalankan fungsi intermediasi untuk sektor perikanan dan kelautan. Mestinya ada kredit program khusus untuk pengembangan perikanan bagi para nelayan. Dan itu sudah dijanjikan, tetapi hingga sekarang belum jalan.</P>
<P>Apa lagi?</P>
<P>Soal keamanan. Saya sering menerima tamu yang mengeluhkan soal investasinya yang dijarah massa. Misalnya keamanan terhadap budi daya mutiara di Nusa Tenggara Timur. Belum lagi tambak yang dirampok. Juga perompakan terhadap kapal di tengah laut. Kendala lainnya adalah tata ruang dan perencanaan. Kemudian soal euforia otonomi daerah. Dengan adanya otonomi ini, banyak yang berebut kekayaan daerah. Kejar hak semata, kewajibannya tidak dipikirkan. Yang terakhir adalah perdagangan bebas. Free trade tapi tidak fair.</P>
</TEXT>
</DOC>
