<DOC>
<DOCNO>gatra091102</DOCNO>
<TITLE>Pasca-Tragedi Bali Bali akan Fokuskan pada Pertanian</TITLE>
<AUTHOR> Tma, Ant</AUTHOR>
<DATE>9 November 2002 </DATE>
<TEXT>
<P>Pascatragedi ledakan bom di Kuta Legian, 12 Oktober lalu, Pemerintah Provinsi (Pemprov) Bali mengarahkan pembangunan daerahnya tahun 2003 pada bidang pertanian dalam arti luas.</P>
<P>Hal tersebut dikatakan Gubernur Bali Dewa Made Beratha di Denpasar, Sabtu, menanggapi arah pembangunan Bali tahun 2003 pascatragedi ledakan bom di Legian Kuta.</P>
<P>Untuk penanganan masalah kualitas sumber daya manusia (SDM) dan penduduk miskin yang sebagian besar bergerak di bidang usaha pertanian, maka Pemprov Bali mengarahkan pelaksanaan pembangunannya untuk kesejahteraan rakyat.</P>
<P>Oleh karena itu, kata Gubernur Beratha, pada 2003 nanti pembangunan Bali diarahkan pada bidang pertanian dalam arti luas, pendidikan dan kesehatan sebagai pemenuhan pelayanan dasar terhadap kebutuhan manusia.</P>
<P>Sehubungan dengan arah kebijakan itu, maka pembangunan Bali tahun depan akan difokuskan pada lima prioritas yang meliputi, pemberdayaan masyarakat miskin atau penanggulangan penduduk miskin, terutama pada kelompok petani, peternak dan nelayan.</P>
<P>Berikutnya, peningkatan kualitas SDM terutama untuk memenuhi pelayanan dasar pendidikan dan kesehatan serta pelayanan dasar sosial lainnya. Meningkatkan penegakan hukum, pelaksanaan otonomi daerah dan pemberdayaan masyarakat atau ekonomi kerakyatan.</P>
<P>Selain itu, meningkatkan pemberdayaan dan pelestarian budaya dan lingkungan hidup, membangun dan merehabilitasi prasarana dan sarana dasar untuk kelancaran produksi serta distribusi.</P>
<P>Untuk mengimplementasikan lima prioritas tersebut, dan dalam upaya pemulihan kondisi sosial ekonomi jangka pendek pascatragedi ledakan bom di Legian Kuta, strategi yang ditempuh oleh Pemprop Bali akan memfokuskan aktivitas pada bidang-bidang yang terkait langsung dengan masyarakat.</P>
<P>Oleh karena itu, lanjut gubernur, bidang-bidang yang mendapat prioritas adalah pertanian, perikanan dan kelautan, kehutanan, perkebunan, kesehatan dan pendidikan.</P>
<P>Mengingat, konferensi PATA (asosiasi pariwisata Asia Pasifik) 2003 dilaksanakan di Bali, maka ini merupakan momentum yang sangat tepat untuk menunjukkan kepada dunia bahwa Bali masih layak untuk dikunjungi, ujar mantan Sekwilda Bali itu.</P>
<P>Program lain yang juga dilakukan Pemprop Bali dalam upaya pemulihan kondisi sosial ekonomi pasca tragedi ledakan bom di Legian Kuta, terbagi dalam program emergency, program jangka pendek, jangka menengah dan program jangka panjang.</P>
<P>Program tersebut dilakukan berbagai komponen terkait, yang dananya bersumber dari APBD dan APBN, demikian Gubernur Beratha.</P>
</TEXT>
</DOC>
