<DOC>
<DOCNO>gatra180304</DOCNO>
<TITLE>Prabowo: Pangan Masalah Krusial	</TITLE>
<AUTHOR>Tma, Ant </AUTHOR>
<DATE>18 Maret 2004 </DATE>
<TEXT>
<P>Salah satu kandidat konvensi Capres (calon presiden) Partai Golkar, Prabowo Subianto berpendapat, masalah pangan adalah masalah yang strategis dan krusial yang harus lebih dicermati kembali oleh setiap lapisan. "Maka dari itu pemimpin bangsa harus dapat memperluas sektor pertanian sebagai titik berat dalam melakukan perubahan besar," katanya dalam diskusi tentang pertanian di Kampus Institut Pertanian Bogor (IPB), Kamis. Pada diskusi publik pertanian yang bertema "Arah Pembangunan Pertanian dan Prospek Perbaikan Ekonomi Indonesia", yang diselenggarakan Lembaga Kegiatan Mahasiswa (LKM) Katalis IPB itu, mantan Pangkostrad yang kini terjun ke dunia bisnis itu dihadirkan bersama Prof Dr Didin Damanhuri pendiri dan ekonom INDEF serta Prof Dr M Agusdin Pulungan Wakil Sekjen HKTI.</P>
<P>Menurut Prabowo Subianto, dalam konteks pentingnya pangan, sehingga menjadi titik berat bagi sebuah perubahan besar, maka IPB sebagai salah satu basis intelektual yang cukup kompeten dalam bidang pertanian harus mampu menghasilkan teknokrat-teknokrat bidang pertanian ke depan. Ia mengatakan, dunia pertanian Indonesia kian lama makin terlihat terpuruk, dan kondisi itu dapat dilihat dengan melimpahnya impor produk pertanian, kemudian timbul berbagai penyakit hewan yang sulit diatasi, serta permasalahan rendahnya kesejahteraan petani yang tak pernah kunjung usai. Semua permasalah pertanian itu akan sangat berpengaruh baik bagi dunia politik maupun ekonomi, dan tentunya akan berimbas terhadap kesejahteraan rakyat juga. "Kancah politik sangat berpengaruh terhadap kestabilan stabilitas ekonomi dan kelembagaan politik itu sendiri," katanya.</P>
<P>Selain itu, ia juga menjelaskan bahwa elit politik tidak memahami strategi secara komprehensif, karena sesungguhnya kondisi bangsa ini dipengaruhi oleh kondisi geo-politik, geo- strategi, dan geo-ekonomi. Karena itu, guna mencapai tujuan bagi perbaikan pembangunan pertanian, ia menyampaikan beberapa opsi ke depan yaitu dengan melaksanakan kebijakan politik reformasi agraria, melaksanakan kebijakan nasional, dan realokasi jumlah anggaran perkotaan ke pertanian. Dengan opsi yang disebutnya itu, Prabowo optimis bahwa bangsa Indonesia mampu melakukan sebuah perubahan besar di sektor pertanian.</P>
<P>Sementara itu, Didin Damanhuri mengatakan, titik berat perubahan ke depan adalah pada platform pertanian, dan wacana itu harus dapat direalisasikan, bukan hanya pada tingkat internal saja tetapi dalam lini yang lebih luas lagi. Sedangkan Agusdin Pulungan menyinggung masalah petani yang merupakan salah satu komponen masyarakat yang lemah dan tertindas oleh sistem politik dan kekuasaan. Ia menawarkan sebuah paradigma pertanian ke depan, dan salah satunya adalah kebutuhan pangan nasional harus dipenuhi secara mandiri yaitu dengan cara memperdayakan modal manusia, modal sosial dan ekonomi pada petani Indonesia itu sendiri. "Sehingga pada akhirnya akan menghasilkan peningkatan kesejahteraan sosial dan ekonomi petani dan masyarakat lainnya," katanya.</P>
<P>Faktor signifikan. Berkaitan dengan soal ketahanan pangan, dua pakar IPB yakni Ketua Departemen Teknologi Pangan dan Gizi Fakultas Teknologi Pertanian (Fateta) IPB Dr Ir Purwiyatno Hariyadi, MSc dan Direktur Eksekutif Pusat Studi Kebijakan Pangan dan Gizi (PSKPG) IPB, Dr Ir Hardinsyah, MS mengemukakan bahwa hal itu merupakan faktor pengaruh signifikan atas eksistensi suatu bangsa.</P>
<P>Ketahanan pangan, menurut mereka, merupakan faktor yang mempengaruhi eksistensi suatu bangsa sehingga menjadi unsur yang menentukan tatkala pemenuhannya tidak mampu disediakan oleh pemerintahan yang sedang memimpin bangsa itu. Keduanya memberikan contoh bahwa hancurnya Uni Sovyet sebagai sebuah negara adalah contoh di mana pemerintahan saat itu tak mampu menjaga ketahanan pangan bagi rakyatnya.</P>
<P>Menurut Purwiyatno Hariyadi, persoalan besar yang kini sedang dihadapi bangsa Indonesia berkaitan dengan masalah pangan adalah belum sepenuhnya pemerintah memberikan kebijakan yang berpihak kepada masalah pertanian, sehingga terjadi masalah dengan impor-impor yang pada akhirnya banyak memukul hasil produksi petani lokal. "Yang diperlukan terkait dengan soal ketahanan pangan sebenarnya adalah penganekaragaman pangan lokal dan bukan impor pangan," kata doktor lulusan Universitas Wisconsin, Amerika Serikat (AS) itu.</P>
<P>Ia melihat mestinya yang perlu dijadikan pijakan dalam konteks pengamanan ketahanan pangan adalah menggelorakan semangat kepada seluruh rakyat Indonesia guna mencintai produk-produk pertanian yang ada di bumi sendiri, dan tidak terjebak pada hasil dari luar negeri. Diakuinya bahwa ada unsur lain yang disebutnya sebagai "ketahanan konsumen" di Indonesia yang selalu melihat produk luar sebagai kiblat, sehingga tidak melirik apa yang dihasilkan oleh petani lokal sendiri. "Ada masalah sosio-kultural di bangsa kita dalam sistem budaya panutan, di mana apa yang dikonsumsi oleh mereka yang di atas kemudian menjadi referensi prestise dan semacamnya, padahal dari sisi pemenuhan kalori sebenarnya produk-produk lokal pun memenuhi kebutuhan yang diperlukan," katanya. Ketika ditanya bahwa pada pemerintahan yang lalu pernah diluncurkan kampanye "Aku Cinta Makanan Indonesia" atau sejenisnya yang intinya mengajak untuk mengosumsi produksi lokal, ia menilai bahwa hal itu lebih banyak muatannya pada sisi "jargon", bukan merupakan sebuah metode yang dirancang pada kebijakan yang substansial dan sistemik. "Kalau orientasinya program dan proyek itu dibatasi oleh waktu sehingga yang terjadi kemudian menghilang begitu saja," tambahnya.</P>
<P>Dari sisi teknologi, kata dia, sebenarnya untuk persoalan pangan tidaklah memerlukan sistem teknologi dengan skala tinggi, tapi cukup menengah. Karena itu, ia menyatakan bahwa faktor keterlibatan pemerintah dalam membantu "pengindustrialisasian" masalah teknologi pangan menjadi sebuah keniscayaan, karena untuk kepentingan industri memerlukan modal dan dana yang tidak mungkin dipenuhi oleh kalangan petani sendiri. "Ini terjadi di banyak negara, baik yang sekelas dengan Indonesia maupun negara yang maju dan modern dalam bidang pertaniannya," katanya.</P>
<P>Sementara itu, Direktur Eksekutif PSKPG-IPB Hardinsyah melihat bahwa kebijakan pangan adalah akar permasalahan dari ketahanan pangan. "Kuat tidaknya ketahanan pangan suatu bangsa sangat berpengaruh pada keutuhan bangsa itu," katanya sambil kembali merujuk pada kasus kehancuran Uni Sovyet yang kemudian kini menjadi Rusia, minus hilangnya sejumlah negara bagiannya. Untuk kasus yang pernah terjadi di Indonesia, menurut dia, dapat dirujuk pada adanya tuntutan untuk menurunkan harga beras dan kebutuhan pokok lainnya. "Terlihat bahwa urusan perut (dalam hal ini pangan-red) sangat berpengaruh pada keutuhan bangsa," kata Hardinsyah, yang juga Direktur Kerjasama IPB. Menurut dia, Konsep ketahanan pangan merupakan perolehan rasa aman dan mirip dengan orang yang memiliki tabungan. "Orang hidup selalu ada peluang untuk tidak bisa memenuhi kebutuhannya. Hanya orang yang sudah punya tabungan besar yang merasa aman, kalau kita punya tabungan miliaran, pasti merasa tidak terancam," katanya memberi analogi soal ketahanan pangan yang bermakna ada unsur "keterancaman".</P>
<P>Ia mengatakan, setidaknya ada tiga hal yang merupakan muara dibuatnya kebijakan pangan yaitu, orang lapar, kekurangan gizi, dan daya beli. Dari tiga hal itulah, kata dia, seharusnya suatu kebijakan pangan disusun, di samping kebijakan pangan juga berkaitan erat dengan distribusi yang mempengaruhi ketahanan pangan. "Sisi distribusi inilah yang kita lemah. Karena kalau dicari akarnya, kebijakan distribusi adalah kuncinya, di mana sosok akhirnya bermuara pada orang lapar dan kekurangan gizi," katanya.</P>
<P>Disebutkannya bahwa kebijakan distribusi itu bermacam-macam, mulai dari kebijakan distribusi subsidi, distribusi program, distribusi pangan, dan kebijakan distribusi lainnya. "Kalau kebijakan untuk distribusi tidak benar, ketahanan pangan akan lemah. Kalau kebijakan harga, kebijakan subsidi tidak benar, maka akan mengarah pada kerawanan pangan. Percuma saja kalau ada barang tapi tidak punya daya beli, atau sebaliknya ada daya beli tapi barang tidak ada," tambahnya.</P>
<P>Pada akhirnya, baik Purwiyatno Hariyadi maupun Hardinsyah sampai pada titik kesepakatan bahwa sebuah "revolusi" harus dilakukan berkaitan dengan persoalah ketahanan pangan di Tanah Air. Keduanya merujuk pada pidato Presiden RI I Ir Soekarno saat meresmikan Fakultas Pertanian Universitas Indonesia di Bogor (cikal bakal IPB) di Kampus Baranangsiang Bogor pada 27 April 1952, yang menyerukan perlunya membangunkan kesadaran bangsa di atas lapangan makanan rakyat.</P>
<P>Saat itu, Soekarno mengatakan, "Buat apa bicara tentang politik bebas kalau kita tidak bebas dalam hal urusan beras, yaitu selalu harus minta tolong beli beras dari bangsa-bangsa tetangga,". "Politik bebas, keamanan, masyarakat adil dan makmur, `men sana in corpore sano`, semua itu menjadi omongan kosong belaka, selama kita kekurangan bahan makanan, `tekor` kita ini semakin lama semakin meningkat," tambahnya. Karena itu, kedua pakar IPB itu melihat bahwa gema yang disuarakan Presiden I RI itu mempunyai pemahaman visioner dengan daya jangkau jauh yang masih sangat relevan sampai saat ini bahwa ketahanan pangan menjadi "ruh" eksistensi bangsa jika tidak mampu tertangani dengan baik.</P>
</TEXT>
</DOC>
