<DOC>
<DOCNO>gatra210704</DOCNO>
<TITLE>Lahan Pertanian di Jateng Kekeringan</TITLE>
<AUTHOR>Tma, Ant</AUTHOR>
<DATE>21 Juli 2004 </DATE>
<TEXT>
<P>Sekitar 12 ribu hektare lahan pertanian di beberapa kabupaten/kota di Jawa Tengah mengalami kekeringan, menyusul terjadinya musim kemarau di Provinsi ini. Menurut Kepala Dinas Pertanian Tanaman Pangan Jateng, Sukarno di Kabupaten Semarang, Rabu, lahan pertanian yang dilanda kekeringan di antaranya di Kabupaten Wonogiri, Klaten, Rembang, dan Blora. Lahan pertanian yang di beberapa kabupaten yang dilanda kekeringan kebanyakan mengandalkan irigasi tadah hujan, katanya usai panen padi menggunakan teknologi Sonic Bloom di Desa Jambu, Kecamatan Jambu, Kabupaten Semarang.</P>
<P>"Kita minta para petani di musim kering ini agar menghemat air, menggunakan varietas umur pendek, dan tertib tanam, sehingga tanamannya tak puso," katanya. Dia mengakui lahan pertanian yang mengalami kekeringan adalah lahan tadah hujan, sedangkan yang mengandalkan irigasi teknis tidak mengalami kekeringan. Ia mengatakan kekeringan tahun ini dinilai tidak separah kekeringan yang terjadi pada tahun 2003, namun kalangan petani diminta tetap melakukan berbagai langkah-langkah antisipasi.</P>
<P>Gubernur Jateng, H Mardiyanto mengakui lahan pertanian di beberapa kabupaten/kota di Jateng musim kemarau tahun ini ada yang mengalami kekeringan."Musim kemarau merupakan fenomena alam yang kita hadapi setiap tahun. Kita minta kalangan petani untuk mengambil berbagai langkah untuk menghadapi kekeringan," katanya. Dia mengaku Provinsi Jateng di musim kemarau ini masih beruntung, karena air waduk di beberapa kabupaten/kota di provinsi ini masih terisi air untuk mengairi lahan pertanian.Provinsi Jateng menghadapi kekeringan tahun ini telah memprioritaskan pembuatan embung-embung air agar dapat mengairi lahan pertanian yang dilanda kekeringan. "Kita tengah mempercepat pembuatan embung di Kabupaten Rembang pada tahun 2005, agar lahan pertanian di Kabupaten Rembang yang sering dilanda kekeringan dapat terairi," katanya.</P>
</TEXT>
</DOC>
