<DOC>
<DOCNO>gatra091003</DOCNO>
<TITLE>Penduduk Kepulauan Perbatasan Sulit Pasarkan Hasil Pertanian</TITLE>
<AUTHOR>Tma, Ant</AUTHOR>
<DATE> 9 Oktober 2003	</DATE>
<TEXT>
<P>Penduduk yang mendiami pulau - pulau di perbatasan Indonesia dengan negara lain yang ada di Kabupaten Maluku Tenggara Barat (MTB) menghadapi kerawanan ekonomi, dan terus-menerus mengalami kemiskinan akibat produk pertanian dan hasil laut sulit dipasarkan.</P>
<P>"Mereka rentan di bidang ekonomi, karena hasil pertanian, hasil laut, dan produk kehutanan yang begitu potensial tidak bisa dinikmati akibat tidak ada sarana transportasi, baik di darat maupun di laut," kata Bupati MTB SJ Oratmangun di Jakarta, Kamis.</P>
<P>Dia berada di Jakarta untuk presentasi dengan Staf Ahli Meneg Perencanaan Pembangunan Nasional/Bappenas, Dr Ikhwanuddin serta sejumlah instansi terkait mengenai rencana pembangunan Kepulauan Wetar.</P>
<P>Oratmangun meminta pemerintah pusat harus memberi perhatian kepada pulau-pulau kecil di MTB terutama yang berbatasan langsung dengan negara lain, mengingat pulau-pulau itu sangat rawan masalah ekonomi maupun politik dan keamanan.</P>
<P>"Pulau-pulau kecil di MTB merupakan aset nasional yang potensial, namun penduduknya miskin dan tertinggal," katanya.</P>
<P>Kerawanan ekonomi disebabkan produk masyarakat setempat tidak bisa dipasarkan. Namun kondisi itu dimanfaatkan oleh pihak tertentu untuk mencuri hasil laut dan hutan.</P>
<P>Di bidang politik dan keamanan, pulau-pulau itu sebagian berbatasan dengan Australia dan Timur Leste, sehingga terdapat ancaman bagi NKRI.</P>
<P>"Saya sering mendengar aspirasi sebagian masyarakat yang berbahaya. Mereka bilang `kita sudah merdeka 58 tahun tetapi tetap terisolasi`. Mereka mengaitkan Timor Leste," katanya.</P>
<P>Jika aspirasi itu dibiarkan dikhawatirkan akan mengganggu situasi keamanan, mengingat wilayahnya yang berbatasan dengan negara lain.</P>
<P>Dia menegaskan, masyarakat akan mampu menikmati melimpahnya kekayaan alam setempat jika dibangun sarana perhubungan darat, laut dan udara yang memadai.</P>
<P>Sebenarnya minat investor untuk menanamkan modal di sana telah banyak diungkapkan, namun investor akan merealisasikan niatnya bila ada pembangunan sarana transportasi.</P>
<P>Pengusaha asal MTB Ega Chandra Suryawan mengatakan, siap menginvestasikan Rp2 miliar untuk bidang kelautan. Namun pihaknya menghadapi kendala rendahnya jumlah SDM.</P>
<P>Karena itu, ia mengimbau agar pemerintah segera melaksanakan transmigrasi agar jumlah penduduk di pulau-pulau itu memadai untuk usaha perikanan.</P>
</TEXT>
</DOC>
