<DOC>
<DOCNO>gatra180103</DOCNO>
<TITLE>Minim Daya Saing Siswono: "AFTA, Pertanian Bisa Hancur"	</TITLE>
<AUTHOR>Tma, Ant </AUTHOR>
<DATE>18 Januari 2003 	</DATE>
<TEXT>
<P>Ketua Umum Himpunan Kerukunan Tani Indonesia (HKTI) Siswono Yudo Husodo menyatakan, jika bangsa Indonesia tidak mampu mengelola daya saing pertanian dalam era pasar bebas ASEAN (AFTA) yang sudah berlaku per 1 Januari 2003 maka pertanian akan mengalami kehancuran bahkan jutaan petani juga kehilangan pekerjaan.</P>
<P>"Kalau para petani kita saja sudah kehilangan pekerjaan, akhirnya kita mau-tidak mau ketersediaan pangan bagi masyarakat Indonesia akan semakin tergantung pada impor," katanya disela-sela Sarasehan Nasional Pemberdayaan Petani dan Distribusi Pupuk di Universitas Brawijaya (Unibraw) Malang, Sabtu.</P>
<P>Apalagi, katanya, permasalahan yang dihadapi dunia pertanian saat ini cukup sulit yakni kualitas produk pertanian dari Indonesia daya saingnya sangat lemah dibandingkan dengan produksi sejenis dari negara lain.</P>
<P>Kondisi seperti itu, lanjutnya, sebagian besar disebabkan lahan pengusahaan per Kepala Keluarga (KK) petani Indonesia sangat sempit yang rata-rata hanya 0,3 hektar/KK dan terus semakin menyempit sehingga produktivitas petani menjadi rendah.</P>
<P>Selain itu, lanjutnya, produk pertanian di sebagian negara produsen telah memperoleh insentif atau subsidi dari pemerintahnya, sedangkan di Indonesia belum ada perlakuan seperti itu.</P>
<P>Mantan Menteri Transmigrasi itu mengatakan, hadirnya bahan-bahan yang harganya sangat murah, seperti paha ayam dari Amerika Serikat dan jerohan ternak dari Australia serta kelebihan produksi yang melimpah kemudian dilempar ke Indonesia, tujuannya agar harga di dalam negeri mereka tetap tinggi.</P>
<P>"Sebenarnya kalau kita bisa mengelola potensi Sumber Daya Alam (SDA) dan Sumber Daya Manusia (SDM) kita yang cukup besar, kita mampu memenuhi kebutuhan pangan dalam negeri. Namun, karena banyak negara tidak menginginkan kita menjadi negara yang mandiri dengan jumlah penduduk yang cukup besar, maka upaya apapun dilakukan agar negara kita `hancur`," katanya.</P>
<P>Dengan jumlah penduduk yang cukup besar ini, lanjutnya, akan menjadi peluang dan potensi yang sangat bagus bagi negara-negara asing untuk memasarkan produknya ke Indonesia, karena Indonesia adalah pasar yang empuk bagi mereka dan kenyataan tersebut sekarang ini sedang berlangsung.</P>
<P>Ia mengakui, untuk memenuhi pangan bagi penduduk yang kini jumlahnya mencapai 210 juta jiwa lebih dari tahun ke tahun terus menurun dan terpaksa harus mengimpor bahan pangan dalam jumlah cukup besar seperti beras rata-rata dua juta ton/tahun, jagung lebih dari 1,5 juta ton/tahun, kedele 1,2 juta ton, gandum 4,8 juta ton, gula pasir 1,6 juta ton dan buah-buahan 167 ribu ton/tahun.</P>
<P>"Tingginya angka impor kita ini sungguh berlawanan sekali dengan kondisi negara kita yang agraris ini.Oleh karena itu, jika dalam dua tahun mendatang kita belum mampu membuat bahan pangan seperti mie dan roti dari bahan-bahan yang bisa kita produksi sendiri, saya akan kampanye memboikot pangan yang bukan hasil produksi kita," ujarnya.</P>
</TEXT>
</DOC>
