<DOC>
<DOCNO>gatra301002</DOCNO>
<TITLE>Mentan Bantu 1 Ton Bibit Padi Unggul</TITLE>
<AUTHOR>Tma, Ant</AUTHOR>
<DATE>30 Oktober 2002</DATE>
<TEXT>
<P>Menteri Pertanian (Mentan) Dr Bungaran Saragih memberikan bantuan bibit padi unggul sebanyak satu ton kepada petani Sulawesi Tengah yang mengalami gagal panen (puso) akibat musim kemarau.</P>
<P>"Bantuan bibit padi unggul tersebut sifatnya cuma-cuma," kata Ir Abdul Rauf Toramai, kadis Pertanian, Perkebunan dan Peternakan Sulteng di Palu, Rabu.</P>
<P>Varietas padi unggul sumbangan Mentan Saragih itu jenis Sintamun, Celebes dan Ciliwung dengan potensi produksi di atas lima ton per hektar.</P>
<P>Toramai mengatakan paket bantuan tersebut tiba di Sulteng paling lambat awal November dan selanjutnya Dinas Pertanian provinsi akan membagikan langsung ke lokasi persawahan yang mengalami puso.</P>
<P>"Sesuai laporan yang saya terima dari PPL di lapangan sekitar 2.000 hektar sawah di daerah berpotensi puso, dan 300-an hektar di antaranya kemungkinan sulit terselamatkan," katanya.</P>
<P>Umumnya areal persawahan yang terancam gagal panen itu berada di wilayah sentra pangan Kabupaten Parigi-Moutong, Donggala serta Banggai.</P>
<P>"Petani yang sawahnya tidak dapat dipanen di tiga wilayah itu prioritas mendapat bantuan bibit tersebut," ujar Toramai.</P>
<P>Ia mengatakan penyebab utama terjadinya ancaman puso ribuan hektar sawah di daerahnya karena sungai sebagai sumber air irigasi di wilayah itu semakin mengering.</P>
<P>"Kami sudah coba menerapkan sistem pompanisasi pada real persawahan yang terancam puso, namun kadar air tanah tanah yang terbatas tak banyak menolong," ujarnya.</P>
<P>Upaya lain yang sedang dilakukan Dinas Pertanian Sulteng menyelamatkan petani setempat dari ancaman kemarau mengajak petani mengembangkan program diversifikasi tanaman.</P>
<P>"Hanya cara mengganti tanaman padi dengan palawija atau jagung petani dapat keluar dari ancaman kemarau tahun ini," ujarnya.</P>
<P>Karena itu, ia mengimbau petani di daerahnya mengikuti berbagai petunjuk serta arahan PPL khususnya mengenai tanaman yang cocok di budidayakan saat kemarau.</P>
<P>Luas areal sawah produktif di Sulteng 142.000 hektar dengan produksi rata-rata pertahunnya sekitar 525.400 ton gabah kering giling.</P>
<P>Sementara yang mendapat pengairan irigasi teknis sekitar 123 ribu hektar, 5.000 hektar di antaranya memanfaatkan irigasi desa dan sawah tadah hujan.</P>
</TEXT>
</DOC>
