<DOC>
<DOCNO>gatra270103</DOCNO>
<TITLE>Investasi Asing RRC Tertarik Budidaya Ulat Sutra</TITLE>
<AUTHOR>Tma, Ant </AUTHOR>
<DATE>27 Januari 2003 	</DATE>
<TEXT>
<P>RRC menyatakan tertarik untuk mengembangkan budidaya ulat sutra di Tanah Karo, Sumatera Utara, dan dalam waktu dekat akan mengirimkan bantuan teknis untuk kegiatan tersebut.</P>
<P>"Para pejabat dari Dinas Pertanian Ghuandong dan Kesehatan Shanghai dipastikan berkunjung ke Sumut pada Maret 2003 ini didampingi sejumlah investor RRC," kata Ketua Perhimpunan Persahabatan Indonesia-China (PPIC) Sumbagut, Idham hasibuan, SE kepada pers di Medan, Senin.</P>
<P>Idham bersama rombongan yang baru saja berkunjung ke kota Beijing mendapat kepastian itu dari dinas terkait dan sudah memberitahu secara lisan kepada Bupati Tanah Karo, Sinar Perangin-angin.</P>
<P>"Bupati menyambut baik kunjungan itu, dan minta terus ditindaklanjuti agar pertanian di Tanah Karo juga dipromosikan ke luar negeri," katanya, seraya menambahkan, selain Medan dan Tanah Karo, rombongan dari RRC itu juga akan mengunjungi Provinsi Jawa Timur.</P>
<P>Dikatakan, RRC juga menawarkan teknologi murah bagi Indonesia, dan akan mengirim tenaga ahli mereka untuk membantu mengembangkan budidaya ulat sutra di daerah ini, sementara Tanah Karo diharapkan dapat mengekspor bahan bakunya.</P>
<P>Rombongan RRC tersebut juga akan melihat kemungkinan kerjasama di sektor lain yang menguntungkan kedua belah pihak. "Karena itu kita himbau pengusaha Sumut juga dapat memanfaatkan moment ini untuk menjalin hubungan," katanya.</P>
<P>Dikatakan, RRC selama ini dikenal cukup berhasil disektor pertanian dan kedokteran, sehingga banyak negara ingin melakukan kerjasama.</P>
<P>"Sampai sekarang sebagian besar rakyat petani di sana tergolong makmur, karena hak atas tanah sepenuhnya diberikan pemerintah, sementara swasta hanya diberikan kesempatan mengelola sektor ritel," katanya.</P>
<P>Menurut Idham, PPIC sebagai organisasi sosial yang mencakup wilayah Sumut, Sumbar, Aceh dan Riau, saat ini memiliki akses langsung ke RRC, sehingga berbagai peluang bisa dijajaki melalui kerjasama bilateral ini.</P>
<P>"RRC sangat menaruh perhatian terhadap Indonesia, terbukti dalam beberapa kali kunjungan ke RRC, pejabat setempat cukup antusias untuk berkunjung ke Sumut," katanya.</P>
<P>Menurut Idham, PPIC dalam kesempatan kunjungannya juga menyampaikan proposal pembangunan bandara Kuala Namu sebagai pengganti Bandara Polonia, serta bantuan sebesar US$ 400 juta bagi pembangunan pelabuhan Labuhan Angin di Tapanuli.</P>
<P>Idham mengatakan, bangsa Indonesia tidak perlu malu belajar dari negara-negara yang sudah maju dibidang teknologi dan infrastruktur. "Apalagi hubungan dengan RRC, sangat perlu ditingkatkan, mengingat negara ini sekarang menjadi incaran dunia, khususnya setelah bergabung dengan Organisasi Perdagangan Dunia (WTO)," tambahnya.</P>
</TEXT>
</DOC>
