<DOC>
<DOCNO>gatra270104-003</DOCNO>
<TITLE>Si Mooh yang Bikin Heboh	</TITLE>
<AUTHOR>Tian Arief </AUTHOR>
<DATE>27 Januari 2004	</DATE>
<TEXT>
<P>NAMANYA cukup keren: bovine spongiform encephalopathy, atau cukup dipanggil BSE. Tapi, ulahnya sangat mengerikan: menyerang sistem syaraf otak, yang mengakibatkan kehilangan kontrol gerak, lumpuh, hingga berujung kematian. Itulah mad cow disease atau lebih dikenal sebagai wabah sapi gila, yang menyerang ternak sapi di Amerika Serikat (AS) belakangan ini.</P>
<P>Wabah sapi gila ini pertama dilaporkan menjangkiti Inggris pada 1986. Saat itu, tak kurang dari 150 orang yang mengonsumsi daging terkontaminasi BSE ini meninggal. Melihat gawatnya akibat yang ditimbulkan wabah sapi gila, dunia lantas mengawasi ketat impor daging sapi dari negara yang terjangkit wabah BSE, terutama negerinya Mister Bean itu.</P>
<P>Lebih gawat lagi, para ilmuwan hingga kini belum menemukan secara pasti, agen apa yang menyebabkan si BSE itu bercokol di tubuh sapi, terutama jaringan otak dan sarafnya. Salah satu teori yang diterima umum saat ini, penyebab sapi gila adalah protein bernama prion (PrP), yang merupakan komponen permukaan sel yang termodifikasi.</P>
<P>Protein prion merupakan protein yang memiliki daya tular dan bersifat bandel terhadap segala perlakuan, termasuk dipanaskan alias dimasak. Meski disepakati prion adalah agen penyebab BSE, sampai saat ini belum diketahui, mengapa dan bagaimana protein itu berubah menjadi protein yang memiliki daya tular dan menyebabkan BSE --yang bermasa inkubasi pada manusia antara 5 hingga 10 tahun itu.</P>
<P>Apakah daging sapi yang terkontaminasi BSE alias sapi gila sudah masuk ke Indonesia? Direktur</P>
<P>Kesehatan Hewan dari Direktorat Jenderal Bina Produksi Departemen Pertanian, drh. Tri Satya Putri NH, MPhil, PhD mengatakan, pihaknya sejak 29 Desember lalu sudah menyatakan tegas larangan impor daging sapi dan olahannya dari AS, lewat surat edaran bernomor 96/KL.050/F/12.03. Menurut Tata --demikian ia biasa dipanggil-- sebenarnya daging yang dilarang diimpor adalah daging yang dikirim setelah pernyataan temuan 76 sapi jenis sapi perah Holstein yang terinfeksi BSE di sebuah peternakan di Mobton, negara bagian Washington, AS.</P>
<P>"Sebelum itu, aman saja, karena lama pengiriman daging dari AS ke Indonesia memerlukan waktu sebulan," kata Tata kepada Luki Setyarini dari GATRA, dua pekan lalu. Selain itu, pihaknya memiliki detail daging dari negara bagian mana saja yang ditolak masuk Indonesia.</P>
<P>Lebih jauh Tata menjelaskan, daging impor dari AS sebenarnya hanya sebagian kecil dari total impor daging sapi per tahun dari Indonesia, kurang dari empat persen alias hanya 6.500 ton. Terbatasnya volume impor daging sapi tersebut, disebabkan karena faktor jarak yang jauh di samping faktor persaingan harga.</P>
<P>Menurut Ketua Asosiasi Pengimpor Daging Indonesia (ASPIDI) Thomas Sembiring kepada GATRA, selama ini Indonesia mengimpor daging sapi segar dan beku sebanyak 30.000 ton per tahun dari Australia, Selandia Baru dan AS. Dari AS, hanya daging berkualitas tinggi dan jerohan, yang selama ini banyak dikonsumsi hotel dan restoran besar.</P>
<P>Sembiring menambahkan, daging yang diimpor ASPIDI, yang beranggotakan 50 perusahaan itu, sudah bebas penyakit golongan A dan B. "Kami menjaga supaya daging kita tidak tertular penyakit," katanya, seraya menambahkan bahwa pihaknya merasa tenang dengan pernyataan Kedutaan Besar AS di Indonesia bahwa daging sapi yang terkontaminasi BSE adalah sapi perah --yang tidak dikonsumsi dagingnya itu, bukan sapi potong.</P>
<P>Menurut Tata, sebenarnya tak semua bagian tubuh sapi yang tertular BSE berbahaya untuk dikonsumsi. Hanya bagian tubuh seperti otak dan bagian yang mengandung syaraf saja protein prion itu bercokol. Selain bagian tersebut di atas, termasuk susu sapi, aman dikonsumsi.</P>
<P>Sementara itu, Direktur Eksekutif Asosiasi Produsen Daging dan Feedlot Indonesia (APFINDO) Teguh Budiana menegaskan, sapi impor hidup untuk sapi bakalan yang akan digemukkan bebas BSE. "Kita selama ini mengimpor sapi bakalan dari Australia," ujarnya kepada GATRA.</P>
<P>Teguh mengatakan, pelarangan sapi impor dari AS sama sekali tidak berpengaruh pada peternak sapi Indonesia yang menggunakan sapi impor Australia. Hingga kini, Teguh mengaku, APFINDO cukup tenang menghadapi kehebohan pasar terhadap daging sapi impor. Tapi, apakah masyarakat bisa mengerti? Mooh!</P>
</TEXT>
</DOC>
