<DOC>
<DOCNO>gatra190902-01</DOCNO>
<TITLE>IMF Desak Negara Kaya Subsidi Pertanian Negara Miskin	</TITLE>
<AUTHOR>Tma, Ant</AUTHOR>
<DATE>19 September 2002	</DATE>
<TEXT>
<P>Dana Moneter Internasional (IMF) Rabu mendesak negara-negara kaya untuk memimpin dropping subsidi pertanian guna membantu mereka sendiri maupun negara-negara miskin.</P>
<P>"Bantuan dari negara kaya ini akan mendorong akses produksi petani mereka, menurunkan harga makanan dunia dan merugikan petani lain dan konsumen mereka sendiri," kata laporan Tinjauan Ekonomi Dunia IMF.</P>
<P>Seluruhnya, bantuan pertanian di negara industri berjumlah 300 miliar dolar lebih-- lebih dari 30 persen dari pendapatan petani dan 1,3 persen dari produk domestik bruto (pdb).</P>
<P>Selain itu bantuan ini akan memberi kesejahteraan mencapai 128 miliar dolar setahun, tiga perempatnya untuk negara industri, kata laporan tersebut, dua bagian di antaranya dikeluarkan Rabu petang.</P>
<P>Perkiraan itu konservatif dan merupakan "pencapaian dinamis" melalui pertumbuhan produktivitas yang lebih cepat dan investasi yang lebih besar di bidang pertanian dapat menghasilkan dua atau tiga kali lebih besar, kata laporan itu.</P>
<P>Kawasan ekspor makanan-- seperti daerah yang dilanda kemiskinan sub Saharan Afrika dan Amerika Latin-- akan mendapatkan lebih banyak, sedangkan jaringan importer makanan di Timur Tengah dan Arika Utara akan terkalahkan.</P>
<P>Liberalisasi perdagangan kapas akan membantu beberapa negara miskin khususnya di negara Afrika dan bekas republik Soviet sedangkan membebaskan perdagangan daging khususnya akan membantu Amerika Latin.</P>
<P>Meskipun menetapkan untuk membebaskan perdagangan pertanian sebagai bagian dari perundingan Organisasi Perdagangan Dunia (WTO), keputusan kebijaksanaan negara makmur akhir-akhir ini telah mengirim "pesan terpadu" tentang kesempatan untuk reformasi, kata IMF.</P>
<P>Bantuan pertanian sekarang yang paling tinggi adalah di negara pengimpor makanan seperti Jepang, Korea Selatan dan Swiss dan terendah di negara pengekspor seperti Australia dan Selandia Baru, kata laporan itu.</P>
</TEXT>
</DOC>
