<DOC>
<DOCNO>gatra030203</DOCNO>
<TITLE>Sekitar 70,5 HA Padi Kulonprogo Terserang Hama	</TITLE>
<AUTHOR>Tma, Ant</AUTHOR>
<DATE>3 Februari 2003 </DATE>
<TEXT>
<P>Sekitar 70,5 hektar are (HA) tanaman padi di wilayah Kabupaten Kulonprogo, Provinsi D.I Yogyakarta (DIY) mengering, karena terserang hama penggerek batang dan serangan hama tersebut juga mengancam sekitar 218 ha tanaman padi yang ada di wilayah itu.</P>
<P>"Tanaman padi yang terserang dan terancam hama tersebut pada umumnya berumur 30 hari dan tersebar di wilayah Kecamatan Pengasih, Sentolo, dan Lendah," kata Kasubdin Tanaman Pangan dan Hortikultura Dinas Pertanian dan Kelautan Kabupaten Kulonprogo, Ir Agus Langgeng Basuki, di Kulonprogo, Senin.</P>
<P>Menurutnya, tanaman yang terserang hama tersebut jadi mengering, tinggal pangkalnya dan tanpa daun. Akibat serangan hama tersebut, diperkirakan produksi padi di wilayah ini akan turun sekitar 58,5 ton atau 30 persen dari seluruh produksi panen yang diharapkan.</P>
<P>Bahkan, lanjut dia, bila luas serangan meningkat dan tidak bisa ditanggulangi, tidak menutup kemungkinan jumlah penurunan produksi bisa lebih besar lagi.</P>
<P>Untuk menyelamatkan tanaman yang telah terserang serta sebagai upaya menekan serangan lebih parah dan meluas ke wilayah lain, para petani di wilayah itu dianjurkan memberantas hama tersebut dengan pestisida yang disediakan Pemkab Kulonprogo.</P>
<P>"Agar pemberantasan hama tersebut lebih efektif, diharapkan agar penyemprotan tanaman padi itu dilakukan secara serentak, sehingga hama tidak dapat berpindah-pindah," katanya.</P>
</TEXT>
</DOC>
