<DOC>
<DOCNO>gatra040303</DOCNO>
<TITLE>Kerusakan Lingkungan Hutan Sancang Nyaris Tinggal Belukar	</TITLE>
<AUTHOR>Tma, Ant</AUTHOR>
<DATE>4 Maret 2003	</DATE>
<TEXT>
<P>Cagar Alam Leuweung (Hutan) Sancang seluas sekitar 1.150 hektar (darat), dan 157 hektar (laut) di Kecamatan Cibalong, Kabupaten Garut, Jabar, kini nyaris hanya tinggal hamparan semak-belukar, akibat pohonnya dijarah, dan dijadikan lahan pertanian.</P>
<P>Bahkan menurut Camat Cibalong Drs Aji Sukarmaji, Selasa, mengungkapkan, kawasan Cagar Alam darat ditanami padi sawah tadah hujan.</P>
<P>Menurut dia, akibat penebangan kayu liar serta perambahan hutan secara ilegal, menyebabkan 40 persen kawasan alami Hutan Cagar Alam Sancang yang dilindungi undang-undang itu, saat ini kondisinya rusak, dan semakin memprihatinkan.</P>
<P>Aji mengatakan, meski dirinya baru delapan bulan menjabat camat, ia terus mengamati rusaknya hutan cagar alam tersebut. Upaya penanggulangannya, katanya, perlu berkoordinasi dengan berbagai instansi terkait.</P>
<P>Selama ini, katanya, upaya penanggulangan kerusakan sudah dilakukan di tingkat provinsi. Namun, guna mengevaluasi hasilnya dan kondisi terakhir, perlu dilihat kembali data-datanya, termasuk meminta laporan resmi dari Kepala Desa Sancang perihal kondisi terakhir kawasan cagar alam ini.</P>
<P>Sementara itu, Polisi Kehutanan setempat, Dadang Sobari yang dihubungi secara terpisah mengatakan, saat ini sekitar 348 hektar kawasan Hutan Sancang mengalami rusak berat akibat penjarahan yang dilakukan masyarakat sekitarnya.</P>
<P>Juga warga Kecamatan Pakenjeng dan Pameungpeuk yang dibeking pihak tertentu -tanpa ia berani menyebutkannya- telah merusakkan sekitar 87 hektar Hutan Cagar Alam Sancang di blok kawasan Cijeruk.</P>
<P>Menurut dia, sebelum dilakukan operasi pengamanan khusus secara terus-menerus selama setahun terakhir ini, setiap harinya ia memergoki sekitar 25 orang perambah hutan yang melakukan penebangan pohon.</P>
<P>"Dengan mesin gergaji, mereka umumnya menjarah jenis kayu jati, palahlar, putat serta kayu laban," sambungnya. Bahkan tiga orang pelaku yang berhasil tertangkap tangan belum lama ini dijatuhi hukuman oleh Pengadilan Negeri Garut.</P>
<P>Lahan hutan yang mereka buka kini merambah ke lereng-lereng perbukitan berkemiringan terjal dan sangat membahayakan.</P>
<P>Aktivitas perladangan secara sporadis tersebut, menurut Dadang, semakin mengganggu habitat berbagai jenis satwa langka dan dilindungi. Antara lain banteng Sancang, Owa, kijang, macan tutul serta berbagai jenis kera dan burung.</P>
</TEXT>
</DOC>
