<DOC>
<DOCNO>gatra270104-001</DOCNO>
<TITLE>Dinas Pertanian: 17 Ribu Ayam Ras Kena Flu Burung</TITLE>
<AUTHOR>Tma, Ant</AUTHOR>
<DATE> 27 Januari 2004 </DATE>
<TEXT>
<P>Sekurangnya 17 ribu ayam ras milik peternak diwilayah kabupaten Kotawaringin Timur (Kotim) Kalimantan Tengah mati dan kuat dugaan akibat terserang virus avian influenza (AI) atau yang lagi ramai disebut penyakit flu burung.</P>
<P>Kasubdin Produksi Peternakan Dinas Pertanian Kotim Drh. Mawardi di Sampit, Selasa mengatakan sebanyak 17 ribu ekor ayam ras yang mati diduga terserang flu burung itu sejak Desember 2003.</P>
<P>Dari hasil diagnosa Balai Penyelidikan dan Pengujian Veteriner (BPPV) regoinal V Banjar Baru Kalimantan Selatan yang diterima Disnak Kotim, Senin (26/1) menyebutkan ayam yang mati terserang panyakit itu hanya ada dua kemungkinan yaitu terserang virus AI dan VVND atau tetelo.</P>
<P>"Namun kasus kematian massal ayas ras di Kotim kemungkinan besar akibat akibat serangan virus avian influenza yang bila menular kepada manusia namanya menjadi flu burung," ucapnya.</P>
<P>Namun Tim BPPV Banjar Baru masih belum bisa memastikan dan masih melakukan penelitian terhadap kasus kematian massal ayam ras di Kotim.</P>
<P>Dari hasil pendataan Dinas Pertanian Kotim ada 17 ribu ekor ayam ras dan ribuan ekor ayam buras yang mati dengan cara serupa milik tiga peternak di Sampit.</P>
<P>Ayam yang mati di Sampit dan sekitarnya dengan tanda-tanda jenger biru, terjadi pembengakan kaki dan muncul bercak bercak merah.</P>
<P>Penyakit ayam yang tergolong baru di Kotim itu pertama kali ditemukan pada ayam di lokasi peternakan milik Luther dan Ahyang warga Sampit.</P>
<P>Akibat serangan penyakit itu, 12 ribu ekor ayam milik Luther dan ribuan ekor milik Ahyang mati.</P>
<P>Sehubungan munculnya penyakit yang diduga kuat flu burung ini, Mawardi mengimbau masyarakat untuk berhati-hati saat membeli ayam dan warga diminta memilih ayam yang segar dan baik.</P>
<P>Sedangkan kepada peternak Mawardi mengimbau agar jangan menjual ayam yang sedang sakit dan sebaiknya ayam yang dalam kondisi sakit dikubur saja .</P>
<P>Kalangan peternak juga diminta memperhatikan sanitasi kandang dan program vaksinasi untuk mencegah menjangkit penyakit ini .</P>
<P>Dinas Pertanian Kotim terus melakukan pemantauan dilokasi-lokasi peternakan, tempat-tempat penjualan ayam untuk mengantisipasi penjualan ayam sakit.</P>
<P>Sementara itu, berita tentang ternak ayam di Sampit terserang penyakit flu burung telah menyebar di masyarakat .</P>
<P>Akibatnya penjualan ayam ras di Sampit merosot tajam hingga 30 persen dan harga ayam turun dari semula Rp 15 ribu per kilogram hingga Rp 13 ribu per kilogram .</P>
<P>Salah seorang pedagang mengaku biasanya mampu menghabiskan ayam rata-rata 100 kilogram per hari, namun dalam dua hari belakangan hanya mampu menjual 70 kilogram dan sebagian bahkan terpaksa dijual murah namun tidak ada pembelinya.</P>
</TEXT>
</DOC>
