<DOC>
<DOCNO>gatra230103-001</DOCNO>
<TITLE>Pertanian Irak Merosot Sejak 1990</TITLE>
<AUTHOR> Tma, Ant </AUTHOR>
<DATE>23 Januari 2003</DATE>
<TEXT>
<P>Produksi pertanian Irak menurun separohnya sejak 1990 akibat kelangkaan benih, menurunnya perlengkapan irigasi dan langkanya penanaman modal, demikian menurut Departemen Pertanian AS (USDA), Rabu.</P>
<P>USDA tengah mempertimbangkan kemungkinan pemberian bantuan pangan darurat bagi Irak, jika terjadi invasi yang dipimpin AS dan mengganggu pengiriman pangan berdasarkan program minyak untuk pangan ke negara itu</P>
<P>Dalam suatu laporannya, USDA mengamati produksi pertanian Irak sejak Saddam Hussein melakukan invasi ke Kuwait tahun 1990.</P>
<P>USDA secara rutin menyiarkan ramalan pertanian bagi masing masing negara.</P>
<P>Produktivitas pertanian Irak mengalami pengaruh buruk akibat terbatasnya penanaman modal dan sumberdaya, langkanya masukkan dan prasarana irigasi.</P>
<P>"Produksi pertanian saat ini, kurang dari separoh dibanding tingkat produksi tahun 1990," tambah USDA, yang mengkaji dan mengamati tanaman di seluruh dunia.</P>
<P>USDA memperkirakan panen terigu Irak musim panen lalu mencapai 800.000 ton dan gandum 650.000 ton.</P>
<P>Pada tahun 1990, petani Irak memanen 1,2 juta ton terigu dan 1,85 juta ton gandum.</P>
<P>Tahun ini penanaman pertanian diharapkan sama dengan musim tanam lalu. Ramalan panenan USDA untuk Irak tahun pemasaran 2003/04 akan disiarkan bulan Mei.</P>
<P>Sebelum invasi Saddam ke Kuwait, Amerika Serikat merupakan ekspor utama pangan ke Irak yang sebagian besar di antaranya dijual dengan jaminan kredit USDA.</P>
<P>Program itu membantu eksporter AS menjual bahan pangan padi-padian, beras, tekstil, terigu, gula, minyak sayur dan komoditi lain bernilai jutaan dolar. Ekspor pangan AS ditunda setelah terjadi invasi tersebut.</P>
<P>Secara terpisah, Program Pangan Dunia PBB menyatakan, Irak tidak akan mampu menyediakan cukup pangan bagi 24 juta warga negaranya jika tentara menyerang Irak.</P>
<P>Pemerintah Irak kini menyediakan kupon pangan bagi setiap rumah tangga melalui program minyak untuk pangan PBB senilai 2,5 miliar dolar setahun.</P>
<P>Para pejabat pemerintahan Bush dan organisasi pangan sedang berusaha mencari jalan bagaimana menghindarkan krisis kemanusiaan jika perang meletus.</P>
<P>"Semua warga Irak sangat tergantung kepada jatah dari program minyak untuk pangan, sehingga mereka akan menderita jika program itu terganggu," kata Sara Piepmeier, juru bicara Program Pangan Dunia.</P>
<P>"Namun saat ini belum terjadi krisis", katanya.</P>
<P>Sebuah laporan PBB tentang tantangan yang dihadapi Irak pada periode sebelum perang, membahas pentingnya merekonstruksi sektor pertanian negara itu.</P>
</TEXT>
</DOC>
