<DOC>
<DOCNO>gatra160902</DOCNO>
<TITLE>Deptan akan Cabut Izin Usaha Perkebunan yang Bakar Lahan	</TITLE>
<AUTHOR>Tma, Ant</AUTHOR>
<DATE>16 September 2002</DATE>
<TEXT>
<P>Departemen Pertanian (Deptan) akan mencabut izin usaha terhadap perusahaan perkebunan yang terbukti melakukan pembakaran dalam penyiapan lahan.</P>
<P>Direktur Perlindungan Perkebunan Departemen Pertanian, Hasurungan Simanjuntak di Jakarta, Senin mengatakan, kebijakan itu didasarkan Surat Keputusan Menteri Pertanian No. 107 jo 135/2002 tentang Pedoman Perizinan Usaha Perkebunan.</P>
<P>"Sesuai SK Mentan perusahaan perkebunan besar yang memperoleh izin usaha perkebunan disyaratkan wajib tidak melakukan pembakaran dalam penyiapan lahan dan mengelola sumberdaya alam secara alami," katanya.</P>
<P>Perusahaan perkebunan, tambahnya, selaku pemegang ijin usaha perkebunan bertanggung jawab sepenuhnya terhadap lahan yang menjadi konsesinya dan ikut membina areal perkebunan disekitarnya.</P>
<P>Pemerintah, akan bertindak tegas terhadap perusahaan perkebunan yang melakukan pembakaran dalam menyiapkan lahan, apalagi perusahaan perkebunan besar juga telah menandatangani surat pernyataan tidak akan membuka lahan dengan cara pembakaran.</P>
<P>Dia mencontohkan, pencabutan izin usaha pernah dilakukan ketika PT Adei Plantation di Riau yang terbukti bersalah melakukan pembakaran secara sengaja, selain itu manajer lapangannya telah dijatuhi hukuman 2 tahun penjara dengan denda Rp 250 juta.</P>
<P>Menurut Simanjuntak, hasil pemantauan terhadap perusahaan perkebunan yang telah memesan benih, diperkirakan akan terdapat pembukaan lahan seluas 102.177 hektare (ha) pada 2002, terluas di Provinsi Kalimantan Tengah 30.375 ha dan Kalimantan Timur 25.900 ha.</P>
<P>Sedangkan perkiraan luas areal perkebunan yang akan dibuka pada 2003 sekitar 97.774 ha yang mana terluas di Kalimantan Tengah 26.482, Jambi 32.875 ha dan Riau 11.750 ha.</P>
<P>Untuk mencegah terjadinya pembakaran lahan dalam membuka kebun dan pengendalian kebakaran, Departemen Petanian saat ini juga tengah mengupayakan percepatan penerbitan Keputusan Menteri Pertanian tentang Pedoman Pengendalian Kebakaran pada Kegiatan Perkebunan.</P>
<P>"SK Mentan tidak hanya mengatur pada perusahaan perkebunan tetapi juga pada lahan perkebunan masyarakat," katanya.</P>
<P>Dia mengakui, kebakaran kebun dan lahan yang meluas akan sulit terkendalikan, akibatnya bukan hanya menimbulkan kerugian materiil tetapi juga rusaknya citra Indonesia di mata internasional.</P>
<P>Berdasarkan pengalaman tahun-tahun sebelumnya kasus kebakaran lahan dan kebun telah menyebabkan kerusakan cukup besar. Pada 2000 merusak seluas 13.631 ha dan 2001 sekitar 3.637 ha.</P>
<P>Sebelumnya di tempat terpisah Asisten Deputi Urusan Ekositem Daratan Kementerian Lingkungan Hidup, Antung Deddy mengatakan, telah terjadi pergeseran lokasi kebakaran, sampai 1999 komposisi hot spot berada di lokasi HTI (Hutan Tanaman Industri) dan Perkebunan.</P>
<P>Sementara itu pada tahun ini lokasi hotspot justru terbanyak berada di lokasi HPH (Hak Pengusahaan Hutan) dan lahan masyarakat.</P>
<P>Data pengamatan hot spot sejak Januari hingga 3 September 2002 menunjukan persentase hot spot di areal HPH sebesar 33,8 persen, lahan masyarakat 29,8 persen, areal pekebunan 26,7 persen dan areal HTI 9,7 persen.</P>
<P>"Hasil pengamatan lapangan, kebakaran yang terdapat di HPH disebabkan adanya perambahan hutan di lokasi HPH dna eks HPH, baik yang dilakukan masyarakat maupun perusahaan ilegal," ujarnya.</P>
</TEXT>
</DOC>
