<DOC>
<DOCNO>gatra161002</DOCNO>
<TITLE>Saatnya, Pemerintah Bentuk Asuransi Pertanian	</TITLE>
<AUTHOR>Tma, Ant </AUTHOR>
<DATE> 16 Oktober 2002 	</DATE>
<TEXT>
<P>Pengamat Pertanian dari Universitas Haluoleo Kendari, Ir. Usman Rianse, MS mengatakan, sudah saatnya pemerintah membentuk sebuah lembaga asuransi pertanian untuk menanggulangi resiko kegagalan panen petani.</P>
<P>"Lembaga asuransi pertanian sudah harus diwujudkan untuk menolong petani dalam situasi yang sulit karena kegagalan panen akibat kondisi alam," ujarnya di Kendari, Rabu, menanggapi kegagalan panen padi akibat kekeringan di sejumlah daerah.</P>
<P>Usman, yang sedang menempuh S-3 ekonomi pertanian di UGM Yogyakarta ini mengatakan, para petani yang tertimpa bencana alam, baik akibat kekeringan maupun banjir hingga tanaman mereka puso telah membuat mereka menderita.</P>
<P>"Ketika petani mengalami musibah karena kekeringan atau banjir, tidak ada pihak yang bertanggung jawab, kecuali petani itu sendiri, padahal kita tahu bahwa aktivitas petani itu untuk mensuplai kebutuhan pangan penduduk," ujarnya.</P>
<P>Oleh karena itu, kata Usman, pemerintah sudah saatnya membangun suatu lembaga asuransi pertanian atau usaha jasa penjaminan lainnya yang melindungi petani di saat mereka menghadapi kegagalan panen.</P>
<P>Ia menawarkan gagasan dengan dua alternatif, yakni pemerintah bisa membangun sebuah lembaga asuransi pertanian atau memberikan kebijaksanaan melalui perbankan untuk menyalurkan kredit yang disertai dengan asuransi.</P>
<P>"Kalau pemerintah tidak mendirikan lembaga asuransi pertanian, kebijakan lain yang harus ditempuh adalah meminta bank penyalur kredit kepada petani untuk menyertakan jaminan resiko usaha tani karena faktor kondisi alam," ujarnya.</P>
</TEXT>
</DOC>
