<DOC>
<DOCNO>gatra190902-02</DOCNO>
<TITLE>Lebih 400 Hektar Sawah di Malang Diserang Tikus	</TITLE>
<AUTHOR>Tma, Ant</AUTHOR>
<DATE> 19 September 2002 </DATE>
<TEXT>
<P>Sedikitnya 417 hektare lahan pertanian yang tersebar di 21 kecamatan di Kabupaten Malang rusak berat karena serangan hama tikus di musim kemarau ini, akibatnya para petani di daerah itu terancam gagal panen pada musim panen kali ini. "Serangan hama tikus itu tidak mampu dibendung, padahal sejak empat bulan lalu Pemkab sudah mencanangkan gerakan bersama membasmi hama tikus yang meresahkan petani," kata Kepala Dinas Pertanian Kabupaten Malang Ir.Purwanto, Kamis.</P>
<P>Kecamatan yang paling parah kondisinya adalah Turen, Kepanjen, Ngajum, Kasembon, Pagelaran, Sumberpucung, Pakisaji, Pakis, dan Tumpang. Upaya yang dilakukan Pemkab, selain menggalakkan gerakan bersama masyarakat, pihaknya secara reguler melakukan penyuluhan kepada para petani dan secara koordinatif, Pemkab melakukan penyuluhan melalui kecamatan dan kelurahan serta tokoh masyarakat.</P>
<P>Selain penyuluhan, katanya, pihaknya juga melakukan pembasmian dengan tekonologi obat dan penggeropyokan pada lahan-lahan yang diduga menjadi sarang tikus. Mulanya gerakan ini secara signifikan mampu mengurangi serangan tikus, tetapi datangnnya musim kemarau hama tikus kembali menyeruak, ironisnya lagi lahan yang dirusak semakin luas, setelah dicek hampir mencapai 417 hektare lahan.</P>
<P>Melihat ancaman cukup besar, Dinas Pertanian setempat akan meningkatkan kembali gerakan pembasmian tikus. Apalagi saat ini mendekati musim panen yang diperkirakan jatuh pada bulan Oktober mendatang.</P>
<P>Bila tidak diantisipasi sejak dini, dikhawatirkan panen tahun ini gagal. Meski demikian, Purwanto mengaku tidak khawatir terjadi krisis stok beras di wilayahnya, karena persediaan lebih dari cukup untuk tiga sampai empat bulan kedepan.</P>
<P>Kebutuhan pangan di Kabupaten Malang yang berpenduduk 2,3 juta jiwa itu sekitar 204.113 ton/tahun, sedangkan produksi beras sekitar 257.559 ton/tahun. Sementara itu stok beras yang kini dimiliki untuk padi saja sekitar 73,5 persen atau sekitar 341.962 ton, oleh karena itu meskipun ada ancaman hama tikus, termasuk musim kemarau panjang tahun ini tidak berdampak pada persedian beras. "Namun bagaimanapun juga kami tetap berupaya membasmi hama tikus yang sangat merugikan petani," ujarnya.</P>
</TEXT>
</DOC>
