<DOC>
<DOCNO>gatra011102</DOCNO>
<TITLE>Banten Kembangkan Agroindustri	</TITLE>
<AUTHOR>Ark, Ant</AUTHOR>
<DATE> 1 November 2002 	</DATE>
<TEXT>
<P>Selain industri kimia dan parawisata, provinsi Banten juga melirik agroindustri. Provinsi pecahan Jawa Barat ini akan mengembangkan `Agroindustrial Park`, yaitu sebuah kawasan indutri pengolahan hasil pertanian, di Cilegon itu diungkapkan Gubernur Banten, Dr Djoko Munandar, di Serang, Jumat.</P>
<P>"Nantinya kawasan ini akan menjadi pusat pengolahan berbagai produk pertanian, walaupun bahan bakunya tidak hanya dipasok dari Banten, tetapi akan makin memacu kemajuan pertanian di provinsi ini," katanya, seusai acara gelar wicara tentang upaya peningkatan produk olahan dan pemasaran hasil pertanian, di Aula Kantor Gubernuran.</P>
<P>Program itu menurut Djoko merupakan program makro pengembangan pertanian Banten dengan konsep `Banten Sebagai Bagian Dari Agroindustri Nasional`.</P>
<P>Sementara itu, program mikro berupa pemberdayaan petani kecil tetap berjalan dan menjadi prioritas.</P>
<P>Djoko menjelaskan Banten mempunyai posisi yang strategis karena berada di lintasan Jawa-Sumatera, mempunyai prasarana yang lengkap mulai dari Pelabuhan, Bandara, jaringan jalan tol, serta dekat dengan akses pasar dalam negeri seperti Jakarta dan Jawa Barat.</P>
<P>Untuk mendukung kawasan tersebut, maka Pemprov Banten juga merencanakan membangun Terminal Agribisnis di Cilegon serta Sub Terminal yang ada di ibukota kabupaten, sehingga akses pasar petani akan semakin mudah.</P>
<P>Pada acara itu, Dekan Fakultas Pertanian Untirta Ir Mukhtar mengatakan, Banten ke depan perlu mengembangkan pertanian berbasis teknologi, dan tidak sekedar tergantung pada lahan seperti pengembangan pertanian hidroponik dan rekayasa genetik.</P>
<P>"Saat ini saya perkirakan baru 60 persen saja petani yang benar-benar menggarap tanaman padi sesuai panca usaha tani," ujarnya.</P>
<P>Selain itu, ia mengungkapkan keberadaan beberapa pabrik makanan ternak skala besar di Banten belum mampu menggairahkan petani untuk berlomba memasok bahan baku seperti jagung dan kedele, karena produk mereka sering ditolak oleh pabrik, karena alasan tidak memenuhi standar mutu.</P>
<P>"Oleh karena itu, perlu peningkatan pengetahuan petani tentang mutu produksi dan pasca panen, sehingga hasil pertanian mereka tidak lagi ditolak," katanya.</P>
<P>Sementara itu, Kepala Dinas Pertanian dan Peternakan Banten Ir Hilman mengatakan, pengembangan pabrik pakan ternak rakyat perlu ditumbuhkan untuk menampung bahan baku yang ditolak pabrik hanya karena kadar air yang masih tinggi.</P>
<P>"Di daerah lain ternyata berhasil membangun pabrik skala kecil yang dikelola dengan sistem kemitraan dengan para peternaknya seperti di Pangalengan, Bandung dan di Bogor," ujarnya.</P>
</TEXT>
</DOC>
