<DOC>
<DOCNO>gatra190802</DOCNO>
<TITLE>Distan NTB 3.000 Ha Pertanian di NTB Puso</TITLE>
<AUTHOR>Tma dan Ant</AUTHOR>
<DATE> 19 Agustus 2002 	</DATE>
<TEXT>
<P>Kepala Dinas Pertanian NTB, Ir Muzani Mirza menyatakan, hingga saat ini sedikitnya 3.000 hektar (ha) lahan pertanian tanaman padi dinyatakan puso.Kekeringan yang menyebabkan terjadinya puso ribuan hektare tersebut belum mempengaruhi akan terjadinya bahaya kelaparan di daerah ini, katanya yang dihubungi di Mataram, Senin pagi. Menurut dia, terjadinya puso tersebut akibat pola tanam yang salah dari petani itu sendiri, yang terkecoh oleh curah hujan yang masih turun di saat memasuki musim kemarau.</P>
</TEXT>
</DOC>
