<DOC>
<DOCNO>gAtra220802</DOCNO>
<TITLE>Beras Thailand Tak Pengaruhi Petani Padi Sumbar	</TITLE>
<AUTHOR>Tma, Ant</AUTHOR>
<DATE>22 Agustus 2002 	</DATE>
<TEXT>
<P>Masuknya beras impor asal Thailand ke Sumatera Barat, tidak mempengaruhi petani padi di daerah berpenduduk 4,5 juta jiwa itu karena mereka sudah mempunyai konsumen tersendiri dan sudah dipersiapkan menghadapi persaingan pasar bebas.</P>
<P>"Selepas panen, sebagian produksi padi Sumbar sudah ditunggu pedagang dengan harga bersaing, kemudian beras tersebut banyak di bawa ke luar daerah," kata Kepala Dinas Pertanian dan Perkebunan Sumbar Ir.Batiori di Padang, Kamis.</P>
<P>Menurut Batiori, Sumbar sudah lama surplus beras dan untuk tahun 2002 ini walaupun produksi turun sekitar lima persen, tapi masih akan terdapat kelebihan produksi setara beras 338.000 ton.</P>
<P>Selain itu, katanya, petani padi Sumbar sudah dipersiapkan melakukan sistem efisiensi biaya sejak turun ke sawah sampai penanganan selepas panen, termasuk menyimpan gabahnya dulu sambil menunggu harga beras membaik.</P>
<P>Batiori mengatakan, untuk mengganti banyaknya beras Sumbar yang dibawa ke luar daerah untuk memenuhi permintaan konsumen tertentu termasuk rumah makan Padang, Dolog dan para pedagang memasukan beras kualitas sedang ke daerah ini.</P>
<P>Dijelaskan, masuknya beras impor kualitas medium ke beberapa kota di Sumbar saat ini karena kebijakan pemerintah berupa impor terbatas, hanya akan di pasarkan kepada konsumen pinggiran di daerah, seperti Sawahlunto Sijunjung bagian selatan dan Pasaman bagian barat</P>
<P>Informasi dari Dolog Sumbar menyebutkan, tingkat harga beras dan gabah di sentra produksi padi di daerah ini dalam tiga minggu terakhir sedikit turun, tapi masih di atas harga pembelian kontraktor Dolog Rp1.157/kg untuk gabah kering giling atau Rp2.426/kg setara beras.</P>
<P>Sementara pedagang grosir di Padang menawarkan beras impor asal Thailand Rp90.000,- sampai Rp93.000,- per karung isi 50 kg.</P>
</TEXT>
</DOC>
