<DOC>
<DOCNO>gatra230103-002</DOCNO>
<TITLE>Semarang Kembangkan Sapi Potong Gemuk</TITLE>
<AUTHOR>Tma, Ant</AUTHOR>
<DATE> 23 Januari 2003 </DATE>
<TEXT>
<P>Dinas Pertanian kota Semarang selama dua tahun berturut-turut sampai dengan tahun 2002 lalu, mengembangkan program penggemukan sapi potong yang disalurkan melalui proyek pengembangan tani terpadu kawasan desa kota.</P>
<P>Menurut Kasi Humas Kantor Informasi dan Komunikasi Semarang, Achyani di Semarang, Kamis, selama dua tahun itu, petani desa kota di Semarang yang dilibatkan dalam program tersebut sebanyak 80 petani.</P>
<P>Ke-80 petani yang sudah mendapatkan faslitas bantuan pengembangan penggemukan ternak sapi potong itu, rata-rata memiliki sapi berumur 2,5 tahun. Saat diserahkan, sapi masih berumur 1,5 tahun.</P>
<P>Sapi berumur 2,5 tahun itu, sudah layak dilelang. Hasilnya, sesuai kesepakatan, dibagi dua; 60 persen keuntungan untuk petani, dan 40 persen untuk Dinas Pertanian.</P>
<P>Menurutnya, dengan berat sapi yang dikembangkan hingga rata-rata 250 kg, petani bisa menjualnya seharga Rp 3 juta-Rp 4 juta.</P>
<P>"Sementara harga standar yang ditetapkan Dinas Pertanian, untuk pengembalian bantuan dana, ditetapkan sebesar Rp 2,3 juta. Sehingga keuntungan yang diperoleh petani -jika terjual seharga Rp3 juta- adalah 60 persen dari Rp 700.000," kata Achyani.</P>
</TEXT>
</DOC>
