<DOC>
<DOCNO>gatra290903</DOCNO>
<TITLE>Dies Natalis ke-40 IPB Dahuri: Petani Perlu Proteksi	</TITLE>
<AUTHOR>Tma, Ant </AUTHOR>
<DATE>29 September 2003	</DATE>
<TEXT>
<P>Guru besar Institut Pertanian Bogor (IPB) Prof Dr Ir Rokhmin Dahuri, MS menyatakan, pertanian di Indonesia masih belum mendapat perhatian dari pemerintah meski hal ini sangat krusial dan menyangkut hajat hidup orang banyak.</P>
<P>"Karena itu diperlukan usaha-usaha advokasi dalam bidang pertanian guna memroteksi para petani," katanya dalam "Road Show Alumni" yang membahas mengenai "Pertanian Masa Depan Indonesia, Peran Pendidikan Pada Ekonomi Berbasiskan Pertanian", di Bogor, Senin.</P>
<P>Pemaparan Rokhmin Dahuri --yang juga Menteri Kelautan dan Perikanan itu--menurut Kepala Humas, Promosi dan Hubungan Alumni IPB, drh Agus Lelana, disampaikan berkaitan dengan Dies Natalis ke-40 institut pertanian terbesar di Asia Tenggara itu.</P>
<P>Keprihatinannya atas masih belum diperhatikannya bidang pertanian sebagai kebijakan krusial itu, katanya, terbukti dari seringkalinya Indonesia masih mengimpor bahan pangan, meski sebenarnya lahan pertanian dan sumber daya alamnya memadai.</P>
<P>Menurut dia, pertanian sangat berpengaruh dalam eksistensi suatu negara. "Negara bisa hancur apabila kurang pangan seperti yang terjadi di Rusia (Uni Sovyet, Red)," katanya.</P>
<P>Untuk memperbaiki sektor pertanian, menurut dia, ada sejumlah hal mendasar yang terdiri dari kebijakan, pendidikan dan citra yang bisa dilakukan.</P>
<P>Kebijakan yang ia maksud menyangkut yakni, adanya akses infrastruktur yang memudahkan hasil-hasil pertanian bisa terkirim.</P>
<P>Hal ini dilatarbelakangi kenyataan terhambatnya distribusi pertanian manakala prasarana tidak memadai sehingga membuat rugi petani saat hasil pertaniannya rusak di tengah jalan.</P>
<P>Dalam konteks inilah, katanya, advokasi bidang pertanian perlu dilakukan untuk melindungi para petani.</P>
<P>Sedangkan di sektor pendidikan, menurut Rokhmin Dahuri, alumnus IPB angkatan 14 ini, penyuluhan dan pendampingan kepada petani tidak kalah pentingnya.</P>
<P>"Karena memudahkan untuk transfer informasi dan teknologi agar hasil pertanian bisa lebih baik dan mampu menciptakan masyarakat petani yang kritis dan kreatif," katanya.</P>
<P>Citra Petani</P>
<P>Kemudian menyangkut citra, ia merasa prihatin adanya imej selama ini tentang pertanian yang mempersepsikan petani sebagai orang-orang yang memakai caping dengan status sosial rendah dan kurang adaptif dengan teknologi.</P>
<P>Ia menegaskan, citra seperti itu bisa diubah apabila pertanian dipahami sebagai suatu sektor yang potensial dan adaptif terhadap Iptek.</P>
<P>Untuk itu, ia mengimbau agar penemuan-penemuan penelitian pertanian hendaknya bisa diaplikasikan, bukannya untuk laboratorium saja, dan ia menyebut ini sebagai "supplier of Iptek".</P>
<P>Mengenai hal terakhir itu, pengamat ekonomi yang mewakili PT Bogasari Flour Mill, Yusuf Sutanto juga menyayangkan kebiasaan hasil penelitian yang tidak bisa diaplikasikan untuk masyarakat umum.</P>
<P>"Seringkali universitas hanya menjadi produsen ijazah saja sehingga terjadi kesenjangan dengan praktek pertanian karena setelah ijazah diperoleh, maka semua penelitian yang selama ini dikerjakan langsung masuk arsip. Sedangkan alumninya mencari pekerjaan di tempat lain yang kondisinya lebih baik," katanya.</P>
</TEXT>
</DOC>
