<DOC>
<DOCNO>gatra100203</DOCNO>
<TITLE>Pejabat di NTB Saling Berbantah Soal Anthrax</TITLE>
<AUTHOR>Tma, Ant</AUTHOR>
<DATE>10 Februari 2003 </DATE>
<TEXT>
<P>Pejabat peternakan di Nusa Tenggara Barat saling bantah soal anthrax, menyusul berita ditemukannya penyakit tersebut pada daging yang dijual di sejumlah pasar di Kota Mataram. "Akibat pernyataan yang membingungkan tersebut, kami memilih tidak mengonsumsi daging kambing atau sapi yang diperjualbelikan di pasar," kata seorang ibu rumah tangga yang Halimah, di Mataram, Senin. Saling bantah tersebut terlihat dari pernyataan Kepala Dinas Pertanian dan Peternakan Kota Mataram, Said Purnomo yang mengungkapkan bahwa hasil operasi yang dilakukan instansi ini Senin dan Selasa pekan lalu (3-4/2), menemukan puluhan bakul daging asal Sumbawa dan Lombok Timur terkena penyakit anthrax.Pernyataannya yang dimuat di media massa itu mengundang reaksi keras khususnya dari Kepala Dinas Peternakan Provinsi NTB, Mathur Riady yang menegaskan, berdasarkan hasil uji laboratorium tidak ditemukan anthrax pada daging yang dijual di pasar itu kecuali hanya kuman pembubuk. Meskipun sudah ada hasil laboratorium yang dilakukan Dinas Peternakan Provinsi NTB, namun Kepala Dinas Pertanian dan Peternakan Mataram tetap bersikeras pada pernyataannya kepada bahwa daging tersebut terkena anthrax.</P>
<P>Sikap keras Sahid Purnomo tersebut telah mengundang reaksi dari anggota Dewan Perwakilan Rakyat Daerah (DPRD) NTB, Umar Yusuf yang mempertanyakan dasar pernyataan Said Purnomo tersebut, padahal hasil laboratorium sudah jelas negatif. "Saya tidak gegabah mengeluarkan pernyataan kalau tidak berdasarkan laboratorium," kata Said Purnomo menanggapi berbagai bantahan pejabat lain yang diberitakan media cetak. Dampak saling bantah antar-pejabat peternakan ini pada akhirnya membingungkan masyarakat di daerah ini.</P>
<P>Seperti dikatakan Halimah, "Saya tidak berani membeli daging sapi dan kambing di pasar karena bingung atas pernyataan pejabat yang disiarkan media Menurut dia, pernyataan pejabat di media massa mengenai anthrax tersebut sudah membingungkan, karena ada pejabat yang mengatakan daging asal Sumbawa dan Lombok Timur positif anthrax, tetapi ada juga pejabat yang menyatakan tidak terbukti. "Pernyataan para pejabat pemerintah tersebut membingungkan, sehingga kami memilih tidak membeli dan mengonsumsi daging untuk sementara ini, guna menghindari terkena penyakit ternak yang mematikan itu," katanya.</P>
<P>Dipanggil. Saling bantah ini menyebabkan pula Kepala Dinas Peternakan Provinsi NTB, Mathur Riyadi minta Sekretaris Daerah (Sekda) Kota Mataram, Djaswad agar segera memanggil pejabat itu, karena pernyataan Said Purnomo meresahkan dan merugikan masyarakat.</P>
<P>Mathur Riady menyatakan, seharusnya sebelum ada hasil laboratorium, hati-hati mengeluarkan pernyataan tentang anthrax. "Pernyataan bahwa daging terkena anthrax tersebut sangat sensitif, karena itu harus lebih dulu dibuktikan di laboratorium. Tidak asal ngomong tanpa bukti yang pasti," katanya.</P>
</TEXT>
</DOC>
