<DOC>
<DOCNO>gatra030902</DOCNO>
<TITLE>Berantas Hama Tikus, Distanhut Sleman Manfaatkan Ular Sanca</TITLE>
<AUTHOR>Tma, Ant</AUTHOR>
<DATE> 3 September 2002</DATE>
<TEXT>
<P>Untuk mengefektifkan pemberantasan hama tikus di wilayah Kabupaten Sleman, Provinsi D.I.Yogyakarta, selain masih diefektifkannya sistem "Gropyokan", Dinas Pertanian dan Kehutanan Sleman juga akan memanfaatkan ular sanca sebagai binatang predator.</P>
<P>"Upaya itu akan kami tempuh, karena pemberantasan hama tikus dengan sistem gropyokan disamping memerlukan banyak tenaga juga tidak menghemat biaya," kata Kepala Dinas Pertanian dan Kehutanan Kabupaten Sleman, Ir Achmad Yulianto di Sleman, Selasa.</P>
<P>Menurut dia, kini pihaknya telah berupaya mendapatkan sejumlah ular yang dimaksud dan binatang pemangsa tikus tersebut nantinya akan dilepas di persawahan wilayah rawan hama tikus, terutama di wilayah Kecamatan Moyudan dan Minggir.</P>
<P>Untuk mengantisipasi agar ular yang dilepas tersebut tidak ditangkap para pemburu ular, sebelum binatang melata itu dilepas, terlebih dahulu akan diadakan sosialisasi kepada warga masyarakat, katanya, tanpa menyebut jumlah ular yang yang dibutuhkan.</P>
<P>Selain itu, pelepasan ular tersebut nantinya akan dipercayakan kepada warga sekitar yang terbiasa mencari ular, dengan harapan ular yang dilepas tersebut nantinya tidak ditangkap.</P>
<P>Seperti pernah diberitakan, sejumlah tanaman padi di wilayah Desa Sumberahayu dan Desa Sumberagung, Kecamatan Moyudan kabupaten Sleman, sudah enam musim terakhir ini tidak panen karena diserang hama tersebut.</P>
<P>Sebagai upaya penanggulangan terhadap hama tersebut, para petani setempat hampir tiap malam melakukan "penggropyokan" hama tersebut dan selama musim tanam terakhir ini sedikitnya ada 17.840 ekor tikus yang berhasil ditangkap.</P>
<P>"Penggropyokan tikus di wilayah itu masih terus berlangsung, bahkan `penggropyokan` yang dilakukan warga setempat Senin malam tanggal 2 September lalu, warga setempat juga berhasil membantai ratusan ekor tikus dan kegiatan itu sempat ditinjau oleh Kepala Dinas Pertanian DIY, Ir H. Samariyanto," katanya.</P>
<P>Ia mengatakan, salah satu faktor penyebab banyaknya populasi tikus di wilayah itu karena pola tanam yang dilakukan para petani setempat belum sesuai yang diharapkan pemerintah, yakni petani setempat masih mengandalkan tanaman padi tanpa diselingi budidaya tanaman palawija.</P>
<P>Penyebab lainnya, di wilayah itu merupakan perbatasan dengan lahan persawahan wilayah Kabupaten Bantul yang dalam melakukan pemberantasan hama tersebut masih bersifat individual.</P>
</TEXT>
</DOC>
