<DOC>
<DOCNO>gatra240203</DOCNO>
<TITLE>Produksi Kedelai Jateng 2002, Menurun	</TITLE>
<AUTHOR>Tma, Ant </AUTHOR>
<DATE>24 Februari 2003</DATE>
<TEXT>
<P>Produksi kedelai di Jawa Tengah tahun 2002 sebanyak 117.068 ton dari luas panen 89.056 hektare atau turun dibanding hasil panen tahun 2001 mencapai 151.178 ton dari luas panen 111.808 hektare. Kepala Dinas Pertanian Tanaman Pangan Jateng, Ir. Sukarno di Semarang, Senin, mengatakan, produksi kedelai itu juga baru mencapai 43,7 persen dari sasaran produksi tahun 2002 yang ditetapkan 267.848 ton dari luas panen 194.940 hektare.</P>
<P>Ia mengatakan, penurunan produksi palawija jenis kedelai itu antara lain karena kondisi iklim yang kurang mendukung terhadap tanaman yang peka terhadap iklim maupun hama sehingga perolehan panen tahun 2002 itu lebih sedikit dibanding tahun sebelumnya. Meskipun demikian, kata dia, minat petani di beberapa daerah potensial tanaman kedelai dalam mengintensifkan tanaman kedelai cukup besar, termasuk pengembangan tanaman di daerah potensial baru sehingga kegiatan itu diharapkan bisa memacu peningkatan produksi.</P>
<P>Program intensifikasi tanaman kedelai untuk tahun 2002 yang direncanakan seluas 196.895 hektare dan realisasinya hanya mencapai 52,8 persen atau seluas 104.521 hektare 196.895 hektare. Keadaan serangan hama tanaman kedelai di Jateng secara umum terkendali karena giatnya petani melakukan pemberantasan organisme pengganggu tanaman (OPT) tanaman palawija tersebut utamanya ulat kacang serta penggerek daun yang dilakukan secara dini dan terpadu. Meskipun demikian, katanya, kewaspadaan dan pengendalian terhadap hama tanaman kedelai tersebut perlu ditingkatkan dalam upaya menekan populasi supaya tanaman itu dapat berproduksi secara optimal.</P>
<P>Panen kedelai di Jateng masih berlanjut, panen bulan Februari 2003 mencapai 36.283 hektare terutama di Kabupaten Grobogan 20.823 hektare, Wonogiri 6.000 hektare dan Demak 2.857 hektare, sedangkan luas panen Maret turun hanya 8.083 hektare, katanya. Harga kedelai ditingkat petani tahun 2002 rata-rata sebesar Rp 2.411,06/kg ataun turun dibanding tahun 2001 rata-rata mencapai Rp 2.564,13/kg.</P>
</TEXT>
</DOC>
