<DOC>
<DOCNO>gatra030204</DOCNO>
<TITLE>Umbi-umbian, Makanan Favorit Jepang	</TITLE>
<AUTHOR>Tma, Ant</AUTHOR>
<DATE>3 Februari 2004 </DATE>
<TEXT>
<P>Umbian-umbian kini menjadi salah satu makanan favorit di kalangan masyarakat Jepang, sehingga jenis tanaman berumbi itu pemeliharaannya sangat memasyarakat di kalangan petani negeri Sakura.</P>
<P>"Dari segi kandungan protein, umbian-umbian tidak kalah dengan beras maupun gandum," kata Kepala Lab Biopestisida Fakultas Pertanian Unud, Prof Dr Ir Dewa Ngurah Suprapta MSc, yang juga dosen terbang pada empat universitas di Jepang, dalam percakapan dengan Antara di Denpasar, Selasa.</P>
<P>Ia mengatakan, Jepang tidak banyak memiliki jenis tanaman umbi-umbian, berbeda dengan Indonesia yang kaya akan tanaman berumbi, namun masyarakatnya kurang tertarik untuk mengonsumsinya.</P>
<P>Umbi-umbian di Indonesia kurang mendapat perhatian, karena komoditi itu dianggap sebagai makanan kelas rendahan yang dihubungkan dengan kemiskinan, padahal hasil penelitian menunjukan kandungan gizinya sangat tinggi.</P>
<P>Di Indonesia, khususnya Bali, sedikitnya terdapat 75 jenis tanaman umbi-umbian yang umumnya mengandung protein tinggi, yang secara tidak langsung mampu menyembuhkan berbagai penyakit, antara lain kanker dan penyakit diabetis.</P>
<P>"Dalam umbi-umbian itu mengandung `antiosiamnin` yang sangat baik bagi kesehatan dan tidak terdapat dalam beras atau gandum," ujar Dewa Suprapta.</P>
<P>Ketela rambat misalnya, mengandung protein melebihi kentang yakni kalorinya 123 setiap 100 gram, sementara kentang hanya 83 per 100 gram. Sedangkan kandungan karbohidratnya 27,9 dan kentang hanya 19,1.</P>
<P>Demikian pula kandungan kalsium ubi jalar (ketela rambat) mencapai 30, sementara kentang hanya 11 setiap 100 gramnya. Protein ketela rambat hampir sama dengan suweg, yang belakangan jarang ditanam petani, padahal dulunya merupakan makanan ringan masyarakat Bali.</P>
<P>Dewa Suprapta menjelaskan, tanaman umbi-umbian khususnya yang berwarna ungu memiliki keunggulan yang telah teruji dalam laboratorium.</P>
<P>"Oleh sebab itu, pemerintah agar mengajak dan menyarankan masyarakat untuk mulai kembali mengkonsumsi jenis umbi-umbian, sekaligus mewujudkan ketahanan pangan," ujarnya.</P>
<P>Sosialisasi</P>
<P>Dewa Suprapta yang memiliki 500 petani asuh tersebar di berbagai pelosok pedesaan di Bali, segera akan mensosialisasikan hasil penelitian menyangkut tanaman umbi-umbian.</P>
<P>Masyarakat tani diharapkan kembali mengembangkan aneka tanaman umbi-umbian, seperti ketela rambat, ketela pohon, suweg dan jenis kacang-kacangan.</P>
<P>"Saya coba merintis pengolahan aneka umbi-umbian itu menjadi tepung untuk selanjutnya dibuat menjadi mie, roti, kue atau es krim," ujar Dosen yang memiliki kebun khusus mengkoleksi berbagai jenis tanaman umbi-umbian.</P>
<P>Dengan cara mengkemas seperti itu diharapkan masyarakat tertarik untuk mengkonsumsinya, karena tersedia menu pilihan selain makanan pokok beras.</P>
<P>"Masyarakat luas juga diharapkan mendukung upaya memasyarakatkan umbi-umbian dengan mengonsumsinya, selain makanan pokok beras," harapnya.</P>
</TEXT>
</DOC>
