<DOC>
<DOCNO>gatra270502</DOCNO>
<TITLE>Sarjana Pertanian Belum Siap Pakai	</TITLE>
<AUTHOR>Tma,Ant</AUTHOR>
<DATE> 27 Mei 2002 </DATE>
<TEXT>
<P>Dosen Fakultas Pertanian dan Kehutanan Unhas Makassar, Mursalim mengatakan, sarjana pertanian umumnya belum dapat dikategorikan sebagai tenaga kerja siap pakai.</P>
<P>"Tetapi dikategorikan sebagai siap latih dengan pengertian bahwa sarjana lulusan perguruan tinggi masih diperlukan tambahan pelatihan khusus untuk dapat bekerja secara profesional," katanya pada Lokakarya Kurikulim Inti Fakultas Pertanian se-Indonesia di Mataram, Senin.</P>
<P>Dikatakannya, dunia kerja dan industri, termasuk di bidang pertanian menuntut pegawai dan karyawan yang dapat bekerja secara profesional dengan mengutamakan efisiensi, efektivitas dan produktivitas dengan memperhatikan etos kerja yang tinggi.</P>
<P>Hasil survey yang dilaksanakan oleh PII mengenai lulusan pendidikan tinggi teknik dan pertanian di Indonesia menunjukkan, penerimaan karyawan pada perusahaan atau industri cenderung mengutamakan aspek sikap sebesar 38 persen, pengalaman 27 persen dan pengetahuan 23 persen.</P>
<P>Di masa lalu penyusunan kurikulum didasarkan pada prinsip 'supply oriented', sedangkan pada saat ini dan untuk masa mendatang harus didasarkan pada prinsip demand oriented dengan mengacu pada kompetisi yang berlaku di tempat kerja.</P>
<P>Kurikulum yang semula bersifat content based perlu diubah sesuai dengan paradigma pendidikan baru menjadi competency based.</P>
<P>Ditinjau dari konteks ilmu pendidikan, kompetensi harus mencakup ketiga matra pendidikan yang paripurna, yakni matra pengetahuan dan sikap serta keterampilan yang harus dimiliki dalam melaksanakan profesinya menurut standar yang berlaku.</P>
<P>Matra pengetahuan mencakup pemahaman, analisis, sistesis, menilai, mengorganisasi, sedangkan gatra keterampilan antara lain mencakup pengoperasian, mengadaptasi dan merekayasa.</P>
<P>Seseorang yang menguasai ketiga matra tersebut akan dapat mengembangkan kreativitas dengan baik, selanjutnya dapat ditingkatkan untuk dapat berinovasi yang memungkinkan agar menghasilkan suatu teknologi baru.</P>
<P>Mengenai kurikulim inti sedapat mungkin diambil batas minimum 40 persen dari total batas SKS yang dipersyaratkan bagi lulusan pertanian.</P>
<P>"Batas tersebut diambil untuk memberikan keleluasaan kurikulum institusional," katanya.</P>
<P>Keterampilan pendidikan perlu dipadukan ke dalam kurikulum pertanian yang meliputi social skill. Perlu pula ditambahkan bahwa sarjana pertanian tidak hanya memiliki kecerdasan intelektual tetapi perlu dukungan oleh kecerdasan emosional dan spiritual.</P>
<P>"Di samping itu, ke dalam kurikulum inti perlu ditambahkan mata kuliah kewirausahaan, manajemen, pengetahuan komputer dan sistem informasi pertanian.</P>
</TEXT>
</DOC>
