<DOC>
<DOCNO>gatra220604</DOCNO>
<TITLE>Mentan: Sektor Pertanian dan Peternakan Pulih Lebih Awal	</TITLE>
<AUTHOR>Tma, Ant</AUTHOR>
<DATE>Yogyakarta, 22 Juni 2004 15:00	</DATE>
<TEXT>
<P>Menteri Pertanian (Mentan) Bungaran Saragih mengatakan, perkembangan indeks Produk Domestik Bruto (PDB) membuktikan bahwa sektor pertanian dan peternakan mampu pulih lebih awal dibanding sektor ekonomi secara keseluruhan. "Setelah mengalami sedikit kontraksi dengan tumbuh negatif 0,74 persen pada 1998, PDB sektor pertanian dan peternakan telah pulih melampaui level sebelum krisis, pada 1999," katanya pada ceramah Sektor Pertanian: Dari Stagnasi Menuju Pertumbuhan Tinggi Berkelanjutan di UGM Yogyakarta, Selasa. Menurut dia, sektor pertanian dan peternakan telah terlepas dari "perangkap spiral pertumbuhan rendah" dan melewati fase pertumbuhan rendah (1998-1999), dan kini tengah berada pada fase percepatan pertumbuhan sebagai masa transisi menuju pertumbuhan berkelanjutan.</P>
<P>"Masalah flu burung yang cepat teratasi dan kondisi iklim yang diperkirakan normal, maka pada 2004 kinerja PDB sektor pertanian dan peternakan diperkirakan lebih baik," katanya. Ia mengemukakan, optimisme itu didukung oleh angka ramalan BPS bahwa pada 2004 produksi padi diperkirakan meningkat 1,26 persen, jagung 4,11 persen, kedelai 5,19 persen, kacang tanah 5,30 persen, dan ubi kayu 3,91 persen, sehingga laju pertumbuhan subsektor tanaman bahan makanan akan meningkat nyata.</P>
<P>"Semakin pulihnya perekonomian akan mendorong peningkatan laju pertumbuhan subsektor peternakan dan perkebunan secara nyata. Agenda jangka menengah-pendek, sekitar lima tahun ke depan, yang perlu segera dirumuskan adalah bagaimana mempertahankan dan meningkatkan kinerja yang cukup menggembirakan tersebut," katanya. Ia mengatakan, ada lima upaya yang harus dan segera dilakukan untuk mempertahankan momentum akselerasi pertumbuhan sektor pertanian secara berkelanjutan, yakni merenovasi dan memperluas infrastruktur fisik, terutama sistem irigasi, transportasi, telekomunikasi, dan kelistrikan pedesaan.</P>
<P>Selain itu, revitalisasi sistem inovasi pertanian seperti penelitian, pengembangan, dan diseminasi teknologi pertanian, pengembangan kelembagaan agribisnis meliputi tata pemerintahan, organisasi pengusaha dan jaringan usaha, rekonstruksi sistem insentif berproduksi dan investasi, pengelolaan pasar input dan output. Menurut dia, upaya itu perlu dirancang secara komprehensif dan terpadu karena pertanian merupakan kunci untuk pengentasan kemiskinan dan pemantapan ketahanan pangan nasional. "Oleh karena itu, pembangunan sektor pertanian harus tetap dijadikan sebagai prioritas pembangunan nasional. Inilah konsensus politik yang masih perlu diperjuangkan bersama," kata Mentan.</P>
</TEXT>
</DOC>
