<DOC>
<DOCNO>gatra300104</DOCNO>
<TITLE>Simpang Siur Ingus Burung</TITLE>
<AUTHOR>Dani Hamdani</AUTHOR>
<DATE> Jumat 30 Januari 2004 </DATE>
<TEXT>
<P>SUDAH lebih dari dua minggu panas tubuh Kadek Heri Darmaputra membubung hingga 39 derajat celsius, disertai pilek dan kadang kejang-kejang. Bocah berumur tiga setengah tahun yang biasa ceria itu sejak sakit cuma tergolek di rumah berlantai semen yang ditinggali tiga keluarga itu. "Dia cuma mau makan bubur, tapi tak pernah habis," kata Ni Wayan Sumiati, ibunda Kadek Heri. Sumiati dan suaminya, I Kadek Adnyana, sudah membawa Kadek Heri ke pusat kesehatan masyarakat, bidan, juga mantri kesehatan. Tiga kali ia diberi sirup penurun panas. "Tapi anak tiang (saya) tidak berubah," kata Sumiati. Baru Minggu lalu, warga Banjar Senganan Kangin, Kecamatan Penebel, Kabupaten Tabanan, Bali, itu membawa Kadek Heri ke Dokter Hanawati. Pada hari Manis Kuningan (sehari setelah hari raya Kuningan di Bali), Sumiati kaget bukan kepalang. Anak keduanya itu diduga terjangkit flu burung. Penyakit yang sedang jadi sorotan dunia karena telah merengut delapan nyawa di Vietnam dan Thailand.</P>
<P>Dugaan itu muncul karena rumah Kadek Heri cuma 10 meter dari peternakan ayam. Bapaknya petani dan ibunya buruh di peternakan itu. Di Kabupaten Tabanan, sekitar 35 kilometer dari Denpasar, menurut data dari Dinas Peternakan Bali, sejak November tahun lalu sudah 300.000 ekor ayam mati oleh penyakit misterius. Sumiati mengaku tak tahu penyebab kematian ayam-ayam itu. Yang dia tahu, ribuan ayam di desanya tiba-tiba mati. Tapi, benarkah Kadek Heri terjangkit flu burung? "Baru dugaan. Setelah saya periksa dia hanya demam biasa," kata Dokter Made Molin Yudiasa, Kepala Dinas Kesehatan Provinsi Bali. Menurut Molin, yang juga suami Hanawati, gejala flu burung tak hanya demam, melainkan juga flu dan batuk. Selain itu, ia menambahkan, untuk memastikan anak tersebut kena flu burung harus diperiksa di laboratorium.</P>
<P>Dugaan bahwa Kadek Heri kena flu burung, yang meramaikan pemberitaan beberapa media itu, memang datang dari pihak keluarga. Menurut Molin, saat berkonsultasi ia mengingatkan ibu Kadek Heri agar berhati-hati karena anak kecil rentan terkena flu burung. "Rupanya dia salah mengerti, sehingga mengira anaknya positif kena flu burung," kata Molin. Rabu pagi lalu, Kadek Heri masih tampak ingusan dan batuk-batuk. Dia masih lemas, duduk mendekap di pangkuan ibunya. Sejak diberi serbuk penurun panas dari Molin, tubuh kecil itu tak sepanas sebelumnya, dan sesak napasnya hilang. "Tapi tiang masih khawatir," kata wanita berusia 28 tahun itu.</P>
<P>Kekhawatiran wabah flu burung juga menerpa warga Senganan lainnya. Ni Wayan Sujianisih, 29 tahun, mengaku sangat mengkhawatirkan kondisi anak keduanya, Kadek Rama Bayupramuja, yang berumur 10 bulan. "Saya takut dia juga sakit seperti Kadek Heri," kata ibu dua anak ini. Sujianisih juga buruh di peternakan ayam. Setelah kekhawatiran flu burung merebak, sehabis bekerja dia mandi dulu dan berganti pakaian sebelum bertemu anaknya. Padahal, sebelumnya dia cuek saja.</P>
<P>Flu burung atau avian influenza (AI) memang sedang jadi momok di seantero Asia. Wabah itu mulai merebak awal 2003 di Hong Kong, kemudian menerpa Korea Selatan pada akhir Desember lalu. Setelah itu merambat ke Vietnam, Jepang, Thailand, Indonesia, Pakistan, Laos, dan Cina. Wabah di sembilan negara ini telah membuat sekitar 20 juta unggas mati atau dibunuh. Namun yang lebih mengerikan, wabah flu burung itu mulai menyerang manusia. Enam orang Vietnam, lima di antaranya bocah, dan dua anak di Thailand meninggal dalam dua pekan terakhir ini akibat flu burung.</P>
<P>Di Indonesia, keberadaan flu burung ini lama menjadi perdebatan para ahli ternak. Persisnya, sejak pertengahan tahun. Kala itu, para peternak menjerit karena ayam mereka bergelimpangan di kandang. Namun pemerintah pada akhir Oktober tahun lalu menyebut virus tetelo vilogenik atau vilogenic viscerotropic newcasle disease (VVND) sebagai penyebab kematian unggas tersebut. Padahal, banyak yang menduga penyakit pada unggas itu adalah flu burung.</P>
<P>"Saya mendengar sejak akhir Juli, flu burung sudah terdeteksi di Medan," kata Ketua Pusat Informasi Unggas Indonesia, drh. Hartono, kepada Rini Anggraini dari GATRA. Sedangkan Fakultas Kedokteran Hewan Universitas Gadjah Mada (UGM), Yogyakarta, menurut Prof. drh. Charles Rangga Tabbu, PhD, mulai mengetahui penyakit itu September 2003. "Kami mendapatkan sampel darah ayam dari Purbalingga, Jawa Tengah," kata Charles. Di Banyumas dan Purbalingga, kala itu terjadi kematian ayam dalam jumlah sangat besar. Saat itu disimpulkan, ayam tersebut mati bukan karena penyakit VVND. "Saat itu memang kesimpulannya mengarah pada AI," ujar Charles. Keyakinan bahwa penyebab kematian ayam ternak selama ini adalah flu burung disampaikan Ketua Perhimpunan Dokter Hewan Indonesia Jawa Timur, drh. CA. Nidhom, Sabtu pekan lalu. Kesimpulan itu didapat setelah ahli biologi molekuler dari Fakultas Kedokteran Hewan Universitas Airlangga, Surabaya, itu melakukan tes DNA atas 100 bangkai ayam sejak September 2003.</P>
<P>Sekalipun bukti yang disodorkan para ahli cukup banyak, hingga Minggu petang lalu, pemerintah masih juga mencoba berkelit. "Yang terjadi di Indonesia adalah AI, bukan flu burung," kata Direktur Jenderal Bina Produksi Peternakan, Departemen Pertanian, Dr. drh. Sofjan Sudrajat. Lho, apa bedanya? Menurut Sofjan, AI adalah virus yang hanya menyerang pada unggas. Sedangkan flu burung adalah penyakit dari hewan yang sudah menyerang manusia. Selain itu, masih kata Sofjan, jenis virus yang melanda Indonesia berbeda dengan yang ada di belahan Asia lainnya. "Hingga saat ini, tidak ada pegawai kandang yang sakit, dan mudah-mudahan nggak sampai terjadi," katanya. Sofjan juga menyangkal pemerintah terlambat mengumumkan masalah itu kepada masyarakat. Menurut dia, karena simpang siur, pemerintah membentuk Kelompok Kerja Penyidik Penyakit Unggas Nasional yang beranggotakan para ahli dari sejumlah lembaga. Misalnya Balai Penelitian Veteriner Bogor, Balai Pengujian Mutu dan Sertifikasi Obat Hewan, Balai Penyidikan dan Pengujian Veteriner Regional IV Yogyakarta, Fakultas Kedokteran Hewan UGM, Institut Pertanian Bogor, dan Universitas Airlangga.</P>
<P>"Pertengahan November, tim menyimpulkan newcastle disease disertai virus lain," kata Sofjan. Namun perdebatan berlanjut di dalam tim itu. Pertengahan Desember, ada anggota tim yang mengatakan virus itu AI, tapi ada juga yang menyebut flu burung. Akhirnya didatangkan antiserum dari Belanda. Zat penguji itu datang Sabtu pekan lalu. Setelah dites, baru pemerintah menyimpulkan virus tersebut adalah AI tipe A. "Tapi subtipe virus itu baru diketahui minggu depan dengan antiserum yang didatangkan dari Inggris dan Australia," kata Direktur Kesehatan Hewan, Tri Satya Putri Naipospos, kepada Wisnu Wage Pamungkas dari GATRA. Namun menurut CA. Nidhom, penentuan subtipe AI tak perlu menunggu tes haemagglutination inhibition tersebut.</P>
<P>Nidhom melakukan uji DNA terhadap virus dari 100 isolat bangkai ayam dari seluruh Indonesia. Dalam penelitian di laboratorium diagnostik DNA Universitas Airlangga itu, Nidhom menggunakan metode elektroforesis dengan gel agarose. Hasilnya dilihat di atas sinar ultraviolet, lalu difoto. Kemudian pita-pita DNA itu dicocokkan dengan gen bank virus AI dari Organisasi Kesehatan Dunia, WHO. Kesimpulannya, "Itu adalah subtipe H5N1 dengan tingkat kecocokan 95,7%," katanya.</P>
<P>Apa artinya virus AI dengan subtipe H5N1? AI, sama seperti jenis yang menyerang manusia, disebabkan famili virus Orthomyxoviridae. Keluarga virus ini dikenali berdasarkan dua antigen permukaan: hemagglutinin (HA) dan neuraminidase (NA). Huruf H dan N inilah yang dipakai untuk menyebut subtipe virus influenza. Saat ini, diketahui ada 15 jenis hemagglutinin dan sembilan neuraminidase pada virus AI. "Di bawah mikroskop elektron, virus ini terlihat mempunyai delapan segmen," kata Nidhom. Satu segmen sama dengan satu gen. Untuk bertahan hidup, virus yang hanya mempunyai RNA atau DNA ini harus menempel di salah satu sel hidup. Karena setiap gen virus AI ini menempel pada sel hidup, maka ia mampu mengekspansi protein pada sel itu. Gen H dan gen N dari virus AI inilah yang bisa menempel di sel para host-nya (tempat bersarang). Host virus ini antara lain: ayam, kalkun, babi, bebek, kuda, juga hewan air yang mempunyai paru-paru, seperti anjing laut, paus, ataupun hiu.</P>
<P>Menurut guru besar Fakultas Kedokteran Hewan UGM, Prof. drh. Charles Rangga Tabbu, yang menentukan tingkat keganasan pada virus flu burung adalah H-nya. "Yang tergolong high patogenic adalah H5 dan H7," katanya. Meski begitu, Charles mengingatkan, janganlah mudah terkecoh oleh penggolongan tingkat keganasan rendah atau tinggi pada virus flu burung. Sebab, menurut fact sheet WHO 15 Januari 2004, virus ini bisa bermutasi dalam waktu singkat menjadi virus mematikan. Epidemi tahun 1983-1984 di Amerika Serikat merupakan salah satu contoh. Virus H5N2, yang dianggap cukup jinak, ternyata dalam enam bulan berubah jadi virus yang mematikan 90% unggas yang terjangkit.</P>
<P>Untuk mengendalikan wabah flu itu, lebih dari 17 juta unggas dibunuh dengan kerugian bagi peternak sekitar US$ 65 juta. Contoh lain terjadi pada epidemi 1999-2001 di Italia. Virus H7N1, yang dikenal tidak ganas, bermutasi dalam sembilan bulan jadi bentuk mematikan. Kala itu, lebih dari 13 juta unggas mati atau dibunuh untuk mengatasi wabah tersebut.</P>
<P>Terjadinya mutasi disebabkan virus flu secara genetis labil dan mudah menyesuaikan diri dengan daya tahan pemilik tubuh. Ketika terjadi pembelahan diri, komposisi gennya berubah, dan menjadi varian baru. Sifat ini biasa disebut "antigenic drift". Sifat lain virus inilah yang menjadi perhatian para ahli. Ia bisa menata ulang dirinya dan bergabung dengan virus dari jenis berbeda. Hasilnya adalah sebuah subtipe baru yang berbeda sama sekali dengan virus induknya. Mutasi paling mengkhawatirkan adalah bila virus unggas itu menjadi virus manusia. Pada dasarnya, virus unggas hanya menjangkiti burung dan babi, tidak menyerang manusia. Babi mudah terkena infeksi virus dari ayam ataupun manusia. Karena itu, ia bisa menjadi "tabung reaksi" ideal untuk pencampuran virus flu manusia dengan virus flu burung.</P>
<P>Kondisi yang memungkinkan terjadinya penggabungan dua jenis virus itu adalah pada pemukiman penduduk yang berdekatan dengan peternakan ayam dan babi. Namun belakangan baru diketahui, manusia juga bisa menjadi "tabung reaksi" kedua virus itu. Ini teramati pertama kali pada serangan virus flu burung di Hong Kong tahun 1997. Wabah yang menyerang 18 orang, enam di antaranya meninggal, itu disebabkan virus H5N1. Inilah untuk pertama kalinya diketahui bahwa virus flu unggas bisa berpindah langsung pada manusia dan menyebabkan tingkat kematian tinggi. Pembantaian segera dilakukan Pemerintah Hong Kong. Dalam tiga hari, sekitar 1,5 juta unggas dimusnahkan untuk mencegah penyebaran virus tersebut. Setelah itu, tak dikabarkan lagi munculnya monster H5N1 ini.</P>
<P>Alarm berbunyi lagi di Hong Kong, Februari tahun lalu. Virus H5N1 kembali menyerang dua anggota keluarga (satu di antaranya meninggal) yang baru pulang dari selatan Cina. Satu anak keluarga itu tewas saat kunjungan tersebut, tapi penyebab kematiannya tidak diketahui. Kasus serangan flu burung pada manusia paling anyar terjadi Januari ini, ketika tes laboratorium di Vietnam Utara menyimpulkan, H5N1 telah menelan enam nyawa. Berikutnya, awal pekan ini, dua bocah di Thailand tewas oleh H5N1. Dua kasus terakhir makin mengokohkan H5N1 sebagai momok menakutkan bagi hewan dan manusia. Yang lebih mengkhawatirkan, bila makin banyak manusia yang terjangkit, virus itu kembali akan bermutasi di dalam tubuh manusia. Sehingga tercipta subtipe yang memungkinkan penyebaran virus tersebut dari manusia langsung ke manusia. Jika ini terjadi, maka dunia kembali dilanda pandemik influenza. Teror yang menyebabkan kematian sekitar 50 juta manusia pasca-Perang Dunia I.</P>
</TEXT>
</DOC>
