<DOC>
<DOCNO>gatra090103</DOCNO>
<TITLE>Hutan Kota Jakarta, Jauh dari Ideal</TITLE>
<AUTHOR>Tma, Ant </AUTHOR>
<DATE>9 Januari 2003 	</DATE>
<TEXT>
<P>Hutan kota di wilayah Provinsi DKI Jakarta yang hanya 0,4 persen dari luas DKI sekitar 650 km2 masih jauh dari idealnya yakni 10 persen dari luas wilayah.</P>
<P>Berdasarkan laporan Kepala Dinas Pertanian dan Kehutanan DKI, Peni Susanti kepada Gubernur Sutiyoso di Jakarta, Kamis, disebutkan saat ini hutan di DKI Jakarta berupa daratan seluas 430,45 Ha dan berupa perairan 108.045 Ha sehingga seluruhnya adalah 108.475,45 Ha.</P>
<P>"Hutan tersebut berada di kawasan Hutan Lindung Angke Kapuk, Suaka Margasatwa Muara Angke, Pulau Rambut, Pulau Bokor dan kawasan Taman nasional Laut Kepulauan Seribu," ujar Peni.</P>
<P>Sementara hutan kota yang ada seluas 200,70 Ha terdiri atas 85,70 Ha yang sudah ditetapkan yakni Srengseng 15 Ha, kampus Universitas Indonesia 54,40 Ha, Waduk Sunter 8,20 Ha, Kemayoran 4,50 Ha dan Halim Perdanakusuma 3,5 Ha.</P>
<P>"Dan yang belum ditetapkan 115 Ha seperti hutan kota PT JIEP Pulo Gadung, waduk Pluit, Kebun Binatang Ragunan, Blok P, Arboretum Cibubur, Mabes TNI, markas Kapassus Cijantung, Manggala Wanabakti dan Gelora Bung Karno," ujarnya.</P>
<P>Peni mengatakan, ditargetkan pada tahun 2010 ketentuan 10 persen luas wilayah menjadi hutan kota dan 13 persen ruang terbuka hijau di Jakarta dapat tercapai, namun kendalanya saat ini adalah masih banyak yang belum ada surat keputusannya (SK).</P>
<P>Mengenai belum adanya SK tersebut, Gubernur DKI Sutiyoso menyatakan akan segera mengeluarkan SK mengenai hutan kota tersebut meskipun mengandung konsekuensi-konsekuensi tertentu.</P>
</TEXT>
</DOC>
