<DOC>
<DOCNO>gatra270104-002</DOCNO>
<TITLE>Flu Burung Rambah Pakistan</TITLE>
<AUTHOR>Tma, Ant</AUTHOR>
<DATE>27 Januari 2004	</DATE>
<TEXT>
<P>Pemerintah Pakistan, Senin menyatakan, ribuan ayam di wilayah selatan negara tersebut mati diserang flu burung.</P>
<P>"Jumlah unggas yang mati karena virus avian mencapai ribuan," kata Menteri Pertanian dan Peternakan Manzoor Panwar kepada AFP di provinsi Sindh, Pakistan bagian selatan.</P>
<P>Pemerintah mengidentifikasi turunan virus influenza avian H7 dan H9, yang tidak begitu berbahaya dibanding dengan turunan virus H5N1 yang menyerang Thailand dan Vietnam.</P>
<P>Turunan-turunan H7 dan H9 tidak berjangkit pada manusia, menurut Komisi Riset Pertanian Pakistan (PARC), yang merupakan lembaga riset utama pedesaan yang dijalankan pemerintah.</P>
<P>Penemuan awal kami memastikan bahwa virus H7 dan H-9 menjangkiti unggas di Karachi," kata periset senior PARC Mohammad Afzal kepada AFP, yang menambahkan bahwa sampel-sampel telah dikirim ke luar negeri untuk konfirmasi lebih lanjut.</P>
<P>"Untungnya jenis virus ini tidak berpindah dari ayam ke manusia," katanya.</P>
<P>Peluangnya kecil sekali bagi virus itu untuk berubah menjadi turunan virus yang lebih mematikan dalam kategori H5 "yang biasanya mematahkan perintang spesies", kata Afzal.</P>
<P>Sejak November, sekitar 3,5 juta ayam mati di 3.000 peternakan sekitar ibukota provinsi Sindh, Karachi, kota pelabuhan utama di pantai Laut Arab Pakistan, kata Asosiasi Unggas Pakistan.</P>
<P>Namun, Panwar mengatakan, penyakit biasa merupakan penyebab sebagian besar kematian itu, dan flu burung hanya bertanggung jawab atas kematian ribuan ekor.</P>
<P>Pakistan menjadi negara pertama di Asia Selatan yang mendeteksi keberadaan flu burung.</P>
<P>Negara yang paling parah terserang adalah Thailand dan Vietnam, dimana sedikitnya tujuh orang tewas dan 13,9 unggas mati atau disisihkan. Turunan-turunan flu burung juga dideteksi di Kamboja, Indonesia, Jepang, Laos, Korea Selatan dan Taiwan.</P>
<P>Belum ada orang di Pakistan telah terjangkit flu burung sejauh ini, kata Panwar.</P>
<P>Pihak berwenang mengadakan pertemuan-pertemuan darurat dengan para peternak unggas untuk mengatur penyisihan ternak yang terjangkit dan pemberian vaksinasi pada yang lain</P>
<P>Afzal mengatakan, ahli-ahli pertanian memperingatkan pemerintah akhir tahun lalu bahwa wabah flu burung parah bisa terjadi.</P>
<P>PARC telah menasihati para peternak dan pihak berwenang untuk mengubur bangkai unggas yang terjangkit flu tersebut di peternakan mereka dimana hewan tersebut mati.</P>
<P>Pakistan pertama kali terserang flu burung pada 1994.</P>
</TEXT>
</DOC>
