<DOC>
<DOCNO>gatra200602</DOCNO>
<TITLE>Sultan HB X Jajaki Kerjasama Budidaya Lobster dengan Australia</TITLE>
<AUTHOR>Tma dan Ant</AUTHOR>
<DATE> 20 Juni 2002</DATE>
<TEXT>
<P>Pemerintah Daerah Istimewa Yogyakarta (DIY) tengah menjajaki kemungkinan kerjasama dengan Pemerintah Negarabagian Tasmania, Australia, di bidang pengembangan teknologi tepat guna pertanian dan pertambakan, terutama budidaya lobster, yang kini diminati dunia internasional.</P>
<P>Kemungkinan kerjasama itu terungkap dalam pertemuan Gubernur DIY, Sri Sultan Hamengku Buwono X dengan Kepala Negara bagian Tasmania, Jim Bacon, yang kemudian disusul pertemuan dengan Direktur Badan Pengembangan Perdagangan dan Investasi Tasmania, Alan Campbell di Hobart, Tasmania, Rabu lalu.</P>
<P>Dalam pertemuan itu Sri Sultan Hamengku Buwono X menyatakan, Indonesia, khususnya DI Yogyakarta, memiliki lahan terbatas untuk mengembangkan berbagai kegiatan pertanian dan perikanan darat sehingga diperlukan dukungan tekonologi dan bibit (baik tumbuhan maupun peternakan) jenis unggul.</P>
<P>Dengan demikian, rakyat Indonesia bisa menikmati terobosan teknologi yang dimiliki negara tetangga, seperti Australia, khususnya Tasmania, katanya.</P>
<P>Mengikuti penjelasan tentang potensi wilayah Tasmania, termasuk industri buah-buahan dan pertambakannya, Sri Sultan Hamengku Buwono X menyatakan tertarik dalam pengembangan teknologi industri sejenis melalui kerjasama kedua wilayah.</P>
<P>Salah satu keunggulan wilayah Tasmania adalah tekonologi pengembangan lobster, yang kini memang banyak peminatnya dari kalangan dunia internasional, terutama wilayah Asia.</P>
<P>Teknologi tambak yang tengah dikembangkan Tasmania bertujuan membuahkan lobster jenis besar dan didukung dengan prediksi pasar yang cukup menguntungkan.</P>
<P>Oleh karena itu, katanya, jika ada peluang kemungkinan dibangun kerjasama antara Pemda Yogyakarta dengan Tamasnia, maka peluang itu memberikan sinyal positif serta bisa tercapai dalam waktu dekat.</P>
<P>Menanggapi keinginannya itu, Direktur Pengembangan Perdagangan dan Investasi Tasmania, Alan Campbell, menyambut baik inisiatif Sri Sultan dan menyatakan akan mempelajari kemungkinan tersebut.</P>
<P>Selama ini para pakar dan ilmuwan Tasmania terus melakukan riset dalam upaya mencari pengembangan berbagai produk tambak, kata Alan Campbell.</P>
<P>Oleh karena itu pihaknya meyakinkan Sri Sultan bahwa kerjasama tersebut dapat dilakukan melalui kerangka riset dan penelitian antara para ilmuwan kedua wilayah.</P>
<P>Sri Sultan Hamengku Bowono X bersama Ratu Hemas berada di Canberra, dalam kunjungan resmi selama empat hari, sebagai tamu khusus Pemerintah Australia guna meningkatkan hubungan kedua negara.</P>
<P>Selama di Australia, Sri Sultan Hamengku Buwono X mengadakan pembicaraan dengan Perdana Menteri Australia, John Howard, Menteri Luar Negeri, Alexander Downer serta para tokoh pendidikan lainnya.</P>
<P>Selain kunjungan ke Australia, dimaksudkan pula untuk meningkatkan hubungan budaya, terutama pendidikan, yang diharapkan bisa memberikan dampak positif kepada kerjasama bilateral.</P>
<P>Gubernur Daerah Istimewa Yogyakarta berkesempatan pula meresmikan Balai Budaya Indonesia di Canberra, yang diharapkan menjadi sarana promosoi budaya nasional serta membuka Pameran Tekstil Indonesia di Galeri Nasional Australia.</P>
<P>Selain bertemu PM John Howard dan Menlu Downer, selama di Australia Sri Sultan Hamengku Buwono X mengadakan pertemuan dengan Wakil Rektor Universitas Nasional Australia (ANU), Profesor Ian Chubb dan Rektor Universitas Canberra (UC), Profesor Roger Dean.</P>
</TEXT>
</DOC>
