<DOC>
<DOCNO>gatra230503</DOCNO>
<TITLE>Presiden Khawatir Kelaparan Akibat Hilangnya Lahan</TITLE>
<AUTHOR>Tma, Ant </AUTHOR>
<DATE> 23 Mei 2003</DATE>
<TEXT>
<P>Presiden Megawati Soekarnoputri, mengatakan ia khawatir bahwa pada masa mendatang bangsa Indonesia akan menghadapi kelaparan akibat hilangnya lahan pertanian yang digunakan untuk memenuhi kebutuhan lainnya.</P>
<P>"Dalam masa penjajahan mereka sama sekali tidak berani mengutak-atik daerah Karawang-Bekasi yang menjadi gudang beras Jawa Barat. Tapi kita sendiri sekarang malahan yang mengobrak-abrik daerah itu," kata Megawati saat membuka rapat teknis Sensus Pertanian di Istana Negara, Jumat.</P>
<P>Sebelumnya Kepala Badan Pusat Statistik (BPS) Soedarti Soerbakti, melaporkan bahwa Sensus sepuluh tahunan itu akan dilaksanakan mulai Agustus 2003 untuk mengetahui potensi serta pemanfaatan lahan pertanian.</P>
<P>Kekhawatiran Megawati yang disampaikan dalam pidato tanpa teks itu berkaitan dengan pelaksanaan UU No22/1999 tentang Pemerintahan Daerah.</P>
<P>Kepala Negara yang didampingi Kepala Bappenas Kwik Kian Gie mengatakan, akibat otonomi daerah banyak Pemda yang merasa bahwa mereka berhak menentukan segala sesuatunya tentang daerah mereka sendiri.</P>
<P>Dia mencontohkan banyaknya Pemda yang mengubah peruntukan lahan pertanian bagi pembangunan mal dan hotel.</P>
<P>"Bisakah dibayangkan 50 atau 100 tahun lagi terjadi kelaparan di Indonesia akibat perbuatan kita sendiri," kata Megawati kepada sekitar 250 peserta.</P>
<P>Karena itu Pressiden mengajak masyarakat untuk menyukskeskan Sensus Pertanian itu, karena kegiatan tersebut bukan sekedar pendataan lahan pertanian, tetapi memiliki arti yang lebih penting lagi bagi masa depan bangsa ini.</P>
</TEXT>
</DOC>
