<DOC>
<DOCNO>gatra070203</DOCNO>
<TITLE>Sebanyak 7.225 Sawah Terancam Puso</TITLE>
<AUTHOR>Ark, Ant</AUTHOR>
<DATE> 7 Februari 2003 </DATE>
<TEXT>
<P>Selama musim hujan 2002/2003 diperkirakan 7.225 hektar (ha) areal persawahan di tanah air mengalami rusak berat (puso) akibat bencana banjir. Direktur Perlindungan Tanaman Ditjen Bina Produksi Tanaman Pangan, Departemen Pertanian, Sutarto Alimoeso di Jakarta, Jumat, menyatakan, kerusakan sawah itu berasal dari 49.779 lahan yang terkena banjir selama Oktober 2002-Januari 2003."Tanaman yang puso tersebut umumnya bukan yang siap panen namun baru saja ditanami karena mundurnya musim tanam," katanya usai mengikuti Rapat Pimpinan di lingkungan Deptan. Dikatakannya, dari areal sawah yang mengalami puso tersebut yang terluas terjadi di Kalimantan Barat yakni 2.896 ha, disusul Riau 1.459 ha, Sumatera Selatan 1.366 ha dan sisanya tersebar di Sumatera Utara, Jambi, Kalimantan Selatan, Jawa Timur,Banten, Sumatera Barat dan Aceh. Sedangkan berdasarkan waktunya, tambahnya, kerusakan berat akibat banjir terjadi selama Januari 2003 yakni mencapai 5.614 ha dari luas areal yang terkena 41.608 ha.</P>
<P>Menyinggung potensi kehilangan hasil akibat bencana banjir selama MH 2002/2003, Sutarto menyatakan, diperkirakan dari luas areal yang terkena serangan lebih kurang 80.000 ton sedangkan untuk sawah yang puso sekitar 28.000 ton. "Namun demikian secara keseluruhan tidak akan mempengaruhi sasaran produksi 2003 sebanyak 53 juta ton gabah kering giling (GKG)," katanya.</P>
<P>Menurut Sutarto, meskipun secara prosentase areal persawahan yang mengalami kerusakan berat akibat bencana banjir selama MH 2002/2003 relatif kecil namun pemerintah tetap mengupayakan berbagai langkah antisipasi. Pemerintah Daerah, ucapnya, bahkan telah menyatakan dukungannya untuk melakukan penanaman kembali terhadap tanaman yang terkena banjir dan mengalami puso.</P>
<P>Sementara itu selama periode yang sama luas areal persawahan yang puso akibat bencana kekeringan mencapai 12.236 ha dari lahan pertanaman seluas 52.637 ha yang terkena kekeringan. Areal persawahan yang terluas mengalami puso akibat kekeringan yakni di Sulawesi Tenggara, disusul Jabar, Jatim dan sisanya meliputi Sumsel, Jateng, Yogyakarta, Sulsel, Jamb, Sumut, Kalsel dan Kaltim. Bencana kekeringan terparah terjadi pada Oktober 2002 yang melanda 40.967 ha sawah dan mengakibatkan 11.820 ha tanaman padi mengalami puso.</P>
</TEXT>
</DOC>
