<DOC>
<DOCNO>gatra200103</DOCNO>
<TITLE>RI-Mesir Kerjasama Industri Gula	</TITLE>
<AUTHOR>Tma, Ant</AUTHOR>
<DATE> 20 Januari 2003 	</DATE>
<TEXT>
<P>Indonesia akan melakukan kerjasama dengan Mesir untuk mengembangkan industri gula serta meningkatkan produksi gula di dalam negeri.</P>
<P>Direktur Tanaman Semusim Ditjen Bina Produksi Perkebunan Deptan, Hasanuddin Ibrahim, di Jakarta, Senin, mengatakan, Mesir memiliki keunggulan di bidang industri pergulaan seperti kinerjanya yang sangat efisien, serta mampu mengembangkan mesin pabrik gula.</P>
<P>"Industri gula di Mesir merupakan salah satu yang terbaik di dunia," katanya usai pertemuan dengan atase pertanian Mesir dan pelaku pergulaan Indonesia di gedung Deptan.</P>
<P>Oleh karena itu, tambahnya, kerjasama dengan Mesir tersebut terutama untuk meningkatkan efisensi industri gula dalam negeri, mengembangkan teknologi dan mendapatkan pendanaan.</P>
<P>Dikatakannya, pendanaan untuk modal usaha tersebut nantinya diperoleh dari Bank Pembangunan Islam (IDB) dan Mesir merupakan salah anggota lembaga keuangan internasional tersebut.</P>
<P>Ketika ditanyakan berapa dana yang akan diajukan Indonesia kepada IDB untuk mengembangkan industri pergulaan nasional, Hasanudin tidak menyebutkan angka pasti.</P>
<P>Namun demikian, sejumlah PT Perkebunan Nusantara (PTPN) telah mangajukan permintaan dana sebesar Rp480 miliar untuk melakukan rehabilitasi pabrik gula.</P>
<P>Menurut dia, antara Mesir dengan Indonesia banyak terdapat kesamaan dalam industri pergulaan misalnya kepemilikan lahan petani, selain itu pabrik gula di sana juga lebih banyak mengandalkan tenaga kerja manusia daripada mesin.</P>
<P>Sementara itu, Staf Ahli Mentan Rahmat Pambudi mengatakan, kerjasama Indonesia dengan Mesir tersebut merupakan tindak lanjut kunjungan kerja Presiden Megawati Sukarnoputri ke negara tersebut beberapa waktu lalu.</P>
<P>Sebagai tindak lanjut pertemuan kali ini, ucapnya, Indonesia akan mengirimkan sejumlah petani tebu untuk meninjau industri gula maupun usaha pertanian tebu di Mesir.</P>
<P>Mengenai bentuk kerjasama yang akan dikembangkan antara kedua negara tersebut dalam industri pergulaan belum ada penjelasan pasti karena masih akan menunggu pertemuan selanjutnya.</P>
</TEXT>
</DOC>
