<DOC>
<DOCNO>gatra220704</DOCNO>
<TITLE>Studi, SBY Hadapi Ujian Komprehensif</TITLE>
<AUTHOR>Tma, Ant</AUTHOR>
<DATE>22 Juli 2004 </DATE>
<TEXT>
<P>Capres Susilo Bambang Yudhoyono (SBY) hari ini menghadapi ujian komprehensif, setelah Senin lalu mengikuti ujian pre-liminary berupa ujian komprehensif untuk mata kuliah Ekonomi Mikro. SBY tengah menyelesaikan pendidikan doktor Program Studi Ekonomi Pertanian di Fakultas Ekonomi dan Manajemen (FEM), Institut Pertanian Bogor (IPB).</P>
<P>"Ujian komprehensif kedua ini adalah untuk mata kuliah ekonomi makro," kata Kepala Humas IPB, drh Agus Lelana, SpMP, MSi kepada ANTARA di Bogor, Kamis.</P>
<P>Ia menjelaskan, ujian kedua yang dilakukan SBY dimulai pukul 08:00 WIb dan diperkirakan akan selesai sekitar pukul 11:00 WIB.</P>
<P>Puluhan wartawan, baik cetak dan eletronik maupun wartawan foto, sejak Kamis pagi sudah nongkrong di ruang Mawar Kampus IPB Baranangsiang, guna meliput Capres yang hampir dipastikan melaju ke putaran kedua Pilpres pada September nanti.</P>
<P>SBY tercatat sebagai mahasiswa S-3 IPB sejak dua tahun lalu --saat masih menjabat sebagai Menko Polkam--dan mengambil Studi Ekonomi Pertanian dengan kekhususan "Ekonomi Politik Pertanian--yang masih ditempuhnya hingga saat ini.</P>
<P>"Bersama 24 mahasiswa S-3 lainnya yang sama-sama di program studi itu, SBY mengikuti ujian komprehensif ekonomi mikro mulai pukul 08:00 WIB sampai pukul 11:00 WIB," kata Agus Lelana.</P>
<P>Ia menjelaskan, selama ini SBY tercatat menjadi mahasiswa S-3 pada program studi ekonomi pertanian, di tengah kesibukannya menjadi kandidat presiden. "Selama ini tidak ada perlakukan khusus kepada SBY karena semua mahasiswa di IPB adalah dalam kapasitas sebagai orang-orang yang belajar dan mencari ilmu," katanya.</P>
<P>Selama ujian, di bawah pengawasan langsung Ketua Program Studi Ekonomi Pertanian IPB, Dr Ir Arief Daryanto itu, katanya, semua berjalan normal dan seperti biasa, layaknya ujian-ujian lain yang terjadi di IPB, meski pada ujian kali ini, salah satu mahasiswa pesertanya adalah seorang Capres.</P>
<P>"Jadi, intinya semuanya berjalan waja dan normal, karena selama menjadi mahasiswa S-3 pun SBY sudah sering mengikuti proses belajar-mengajar seperti itu," demikian Agus Lelana.</P>
</TEXT>
</DOC>
