<DOC>
<DOCNO>gatra201002</DOCNO>
<TITLE>Indonesia Bisa Jadi Eksportir Ternak Terbesar Di Asia	</TITLE>
<AUTHOR>Dh, Ant</AUTHOR>
<DATE> 20 Oktober 2002 	</DATE>
<TEXT>
<P>MENTERI Pertanian (Mentan) Bungaran Saragih mengatakan, Indonesia berpeluang menjadi eksportir ternak terbesar di Asia Pasifik, karena negara ini merupakan salah satu dari lima negara yang telah bebas dari penyakit mulut dan kuku. "Indonesia pada tahun 1970-an menjadi salah satu eksportir ternak terbesar di Asia Pasifik, tetapi karena ada kebijakan yang tidak tepat di masa lalu, maka bukan hanya tidak bisa menjadi eksportir, tetapi sempat menjadi importir ternak," katanya di Mataram, Minggu.</P>
<P>Seusai melepas ekspor perdana 475 ekor bibit sapi Bali asal Lombok ke Malaysia, Mentan mengatakan, kekeliruan tersebut telah dikoreksi, sehingga diharapkan bisa bangkit kembali sebagai ekportir ternak di Asia Pasifik. Menurut dia, Indonesia hingga kini menjadi eskportir ternak nomor tiga di Asia Pasifik setelah Australia dan Selandia Baru.</P>
<P>"Nanti lambat laun kita akan memperbaiki posisi sebagai eksportir ternak terbesar di masa mendatang," katanya. Bungaran mengatakan, sekarang ini posisi Indonesia masih pada urutan ketiga sebagai negara eksportir ternak, karena Indonesia tidak memiliki cukup pengusaha yang bisa mengorganisir distribusi ternak dari petani ke negara tujuan ekspor.</P>
<P>"Kalau sudah banyak pengusaha yang mampu mengorganisir distribusi sapi ke negara tujuan, seperti di Lombok ini, semakin besar peluang kita untuk mengeskpor ternak," ujarnya. Dikatakannya, masalah budidaya atau memelihara ternak, petani Indonesia cukup ahli, namun yang lemah justru pengusaha yang mengekspor ternak itu dari Indonesia ke negara lain.</P>
<P>Mengenai kemungkinan persoalan birokrasi menjadi penghambat eskpor ternak, dia mengatakan, barangkali juga birokrasinya yang sulit, namun sebenarnya yang jadi masalah adalah pengusahanya yang tidak bisa mengalahkan birokrasi. "Kalau pengusaha yang hebat akan bisa mengatasi persoalan tersebut," katanya.</P>
<P>Dia menambahkan, pihaknya akan berupaya memperbaiki diri dalam pelayanan antara lain dengan memperbaiki birokrasi tersebut. "Disamping itu, pengusaha juga harus lebih kreatif dan berani mengambil risiko untuk melakukan bisnis ekspor ternak," ujarnya.</P>
<P>Mengenai peluang Lombok menjadi daerah pengekspor ternak khususnya sapi, Mentan mengatakan, peluangnya cukup besar, karena populasi sapi di daerah ini cukup banyak mencapai 379.000 ekor. Dikatakannya, kalau dari populasi tersebut yang bisa diekspor 10 persen, maka Lombok bisa mengekspor sapi sampai 30.000 ekor per tahun, dan khusus ke Malaysia ini baru sekitar 4.000 ekor.</P>
<P>Menurut Mentan, di Indonesia daerah yang potensial mengekspor sapi antara lain, sejumlah provinsi di Sulawesi dan Lombok (NTB), karena daerah ini sudah bebas penyakit ngorok dan penyakit "Brucellosis" (penyakit keguguran). "Selanjutnya akan diupayakan Pulau Sumbawa bebas dari jenis penyakit ternak tersebut, sehingga bisa menjadi daerah pengekspor ternak ke negara lain," kata Mentan.</P>
</TEXT>
</DOC>
