<DOC>
<DOCNO>gatra020804</DOCNO>
<TITLE>FKH-IPB Buka Rumah Pemotongan Unggas Halal</TITLE>
<AUTHOR>Tma, Ant</AUTHOR>
<DATE>2 Agustus 2004</DATE>
<TEXT>
<P>Fakultas Kedokteran Hewan (FKH) Institut Pertanian Bogor (IPB) melalui sebuah holding company yang telah dibentuk, bekerja sama dengan pihak swasta, Senin, resmi membuka sekaligus memulai operasi rumah pemotongan unggas (RPU) dengan kualifikasi halal dan higienis.</P>
<P>Pembukaan RPU yang merupakan kerjasama FKH-IPB dengan PT Mitra Syariah Gemilang itu dilakukan langsung oleh Rektor IPB Prof Dr Ir Ahmad Ansori Matjjik, MSc.</P>
<P>Menurut Manajer Kerja Sama dan Pengembangan Usaha FKH-IPB, Dr Widyanto Dwi Surya, MSc, kelahiran RPU itu berangkat dari kekurangan sarana di FKH, dimana antara ruangan pemisah yang bersih dan kotor di RPU masih menyatu.</P>
<P>Selanjutnya, karena RPU yang diinginkan adalah yang berkualifikasi halal, higienis, dan ada nomor kontrol veterinernya, maka dilakukan langkah perombakan yang relatif besar.</P>
<P>Dalam kaitan tersebut, kata Widyanto, pihaknya tidak mempunyai dana, sehingga mengajak mitra swasta, yakni PT Mitra Syariah Gemilang yang selama ini bergerak dalam bisnis ayam, sehingga RPU dapat terwujud.</P>
<P>Ia menjelaskan, kapasitas RPU di FKH-IPB itu mampu memotong 359 ekor ayam per jam, sehingga dalam sehari bisa dipotong 2.000 ekor ayam yang siap dipasok kepada konsumen.</P>
<P>Dengan keberadaan RPU di FKH-IPB, selain ada unsur kerjasama bisnisnya, dari sisi pendidikan para mahasiswa yang hendak mempelajari dan melakukan praktikum mengenai bagaimana RPU bekerja -- khususnya untuk pemotongan unggas -- tidak perlu lagi dikirim ke daerah lain, seperti di Tangerang, Tasikmalaya dan Sukabumi.</P>
<P>"Kini mahasiswa bisa memanfaatkan sarana dan fasilitas RPU itu, dan pada hari libur mereka juga bisa bekerja," katanya.</P>
<P>Kerjasama FKH IPB dengan mitra swasta itu sendiri berbentuk kontrak pengelolaan, dimana pada tahap pertama masa pengoperasian disepakati selama dua tahun. Dengan pengoperasian RPU, dilakukan pula sejumlah investasi terkait, seperti untuk pembenahan infrastruktur, dan mitra FKH dimaksud juga menempatkan karyawannya di RPU.</P>
<P>Selain itu, perusahaan mitra memberikan beasiswa kepada mahasiswa FKH, dimana proses penyeleksiannya akan diatur oleh fakultas, seperti bagi mahasiswa yang menulis skripsi tentang pemotongan unggas.</P>
<P>Fasilitas yang ada di RPU juga bisa dipakai untuk kegiatan pelatihan, magang dan penelitian di FKH-IPB. "Karena itu kita akan mendisain pelatihan dan magang dengan dinas-dinas peternakan se-Indonesia," kata Dr Widyanto, dan menambahkan bahwa hal itu sudah dilakukan dengan Dinas Peternakan Padang, Sumatera Barat.</P>
<P>"Fasilitas-fasilitas semacam itulah yang akan kita kembangkan ke depan dengan RPU yang ada," katanya.</P>
<P>Ia menambahkan bahwa investasi yang telah ditanamankan dalam kerjasama tersebut, setelah masa dua tahun akan menjadi milik FKH-IPB.</P>
<P>Untuk sementara produk yang dihasilkan oleh RPU itu adalah ayam beku vakum yang diproses dengan mengikuti prosedur baku untuk mendapatkan produk berkualitas dengan kualifikasi halal dan higienis.</P>
</TEXT>
</DOC>
