<DOC>
<DOCNO>gatra260803</DOCNO>
<TITLE>Mentan: Belum Saatnya, Hujan Buatan</TITLE>
<AUTHOR> Tma, Ant</AUTHOR>
<DATE>26 Agustus 2003</DATE>
<TEXT>
<P>Menteri Pertanian Bungaran Saragih mengatakan upaya melakukan hujan buatan untuk mengatasi dampak kekeringan dewasa ini belum tepat, karena hujan buatan dilakukan kalau ada benih awan.</P>
<P>"Benih-benih awan saat ini belum ada, kami nggak menolak upaya melakukan hujan buatan, cuma waktunya tidak tepat dilakukan," ujar Bungaran Saragih di Surabaya, Selasa, di sela-sela menghadiri pelantikan Gubernur dan Wagub Jatim.</P>
<P>Bungaran mengatakan, saat ini masih ada tanaman tembakau yang sebentar lagi akan panen. "Kalau sudah panen kita lakukan hujan buatan, karena pada saat itu sudah banyak benih-benih awan yang bisa diubah menjadi hujan buatan," katanya.</P>
<P>Dia mengatakan, dari total areal sawah seluas 11,5 juta hektar, sawah yang mengalami puso mencapai 90.000 hektar dan pada saat yang sama saat ini juga dikembangkan lahan pasang surut dan rawa.</P>
<P>"Lahan pasang surut dan rawa yang sekarang sudah panen panen mencapai 220 ribu hektar dan kemungkinan masih ada lagi 240 ribu hektar di Kalimantan dan Sumatra, jadi yang tambah masih lebih besar dari yang hilang," katanya.</P>
<P>Bungaran mengatakan untuk mengatasi kekeringan pemerintah mempunyai dana yang ada di Deptan, Depkimpraswil maupun Depkes. "Departemen Pertanian saat ini ada dana Rp 50 Miliar dalam APBN," katanya.</P>
<P>Dia mengatakan masalah kekeringan ada tiga tahap, level yang sangat mendesak atau jangka pendek, level jangka menengah dan level jangka panjang.</P>
<P>"Kalau kita hanya menyelesaikan masalah jangka pendek, tidak menyelesaikan masalah jangka menengah dan jangka panjang, maka akan berulang-ulang seperti ini setiap tahun," katanya.</P>
<P>Sebaliknya, ujar dia, kalau hanya jangka pendek yang diselesaikan dan jangka panjang tidak diselesaikan maka akan ada yang kesulitan dan itu akan bisa menimbulkan masalah yang besar juga.</P>
<P>"Karena itu ada tiga level juga yang akan diselesaikan pemerintah, pada janga pendek adalah membantu para petani yang sedang mengalami puso dan kekeringan, bagaimana menyelesaikan air buat rakyat yang butuh minum, bagaimana agar listrik tidak sampai padam karena kekurangan air," katanya.</P>
<P>Sedangkan jangka menengah, ujarnya, dengan memperbaiki saluran irigasi, pola pertanian yang lebih tahan terhadap masalah kekeringan, sedangkan jangka panjang adalah bagaimana memperbaiki hutan dan bagaimana pertambahan penduduk agar tidak lebih besar lagi.</P>
</TEXT>
</DOC>
