<DOC>
<DOCNO>gatra260704</DOCNO>
<TITLE>Thailand Temukan Padi Kaya Unsur Besi</TITLE>
<AUTHOR>Tma, Ant</AUTHOR>
<DATE>26 Juli 2004</DATE>
<TEXT>
<P>Departemen Pertanian Thailand berhasil menemukan dua varian padi yang menyimpan kandungan unsur besi yang cukup tinggi sehingga dapat dikembangkan untuk menangani masalah anemia di kalangan kelompok masyarakat kurang mampu.</P>
<P>Dr. Laddawal Kannanut dari lembaga Penelitian Padi Thailand seperti yang dikutip harian The Nation mengatakan dua jenis padi ini termasuk Korkhour 23 dan Khao Hom Phitsanulok1 dipilih dari 45 varian padi Thailand.</P>
<P>Hasil penelitian menemukan varian padi Korkhor 23 memiliki kandungan besi 36,67 unit per molekul (ppm) pada saat digiling dengan cara tradisional sehingga masih mempunyai kulit ari.</P>
<P>Tingkatan kandungan besi menurun menjadi 22,5 ppm pada beras yang digiling mesin.</P>
<P>Sementara itu jenis Khao Hom Phitsanulok yang digiling secara manual mempunyai kandungan besi sebesar 25 ppm dibandingkan dengan kandungan 22,5 ppm jenis yang sama tetapi digiling dengan mesin.</P>
<P>Laddawal mengatakan penelitian itu juga menemukan padi yang tumbuh di daerah yang berbeda juga mempunyai tingkat kandungan besi yang berbeda pula.</P>
<P>Lembaga Penelitian Padi Thailand juga akan meneliti cara terbaik menanam dan menggiling padi dengan tujuan memperoleh kandungan besi yang tinggi.</P>
<P>Sebanyak 26 persen dari warga Thailand menderita anemia dan beras dengan kandungan besi yang tinggi, dapat menjadi jawaban untuk mengatasi masalah tersebut.</P>
</TEXT>
</DOC>
