<DOC>
<DOCNO>gatra231102</DOCNO>
<TITLE>120.000 Petani Dan Nelayan Taiwan Unjukrasa</TITLE>
<AUTHOR>Dh, Ant</AUTHOR>
<DATE>23 November 2002 	</DATE>
<TEXT>
<P>LEBIH dari 120.000 petani dan nelayan di seluruh Taiwan turun ke jalan-jalan kota Taipei, Sabtu memprotes rencana-rencana pemerintah Presiden Chen Sui Bian untuk mereformasi unit-unit kredit rakyat kecil. Para pemrotes bergerak dari Tugu Chiang Kai Shek menuju Kantor Kepresidenan, di mana mereka tiba Sabtu petang.</P>
<P>Banyak yang membawa spanduk dan bendera-bendera yang bertuliskan "Tidak ada pertanian, tidak ada negara," dan " Ya untuk reformasi. Tidak untuk penghapusan koperasi kredit rakyat kecil."</P>
<P>"Kami mengharapkan pemerintah dapat mereorganisasi lembaga-lembaga keuangan rakyat kecil dengan memusatkan pada pada peraturan mengenai anggaran pertanian bukannya menghapuskannya sama sekali," kata seorang jurubicara Perhimpunan Pejuang Pertanian Taiwan, yang menyelenggarakan aksi protes itu.</P>
<P>Lien Chan, ketua Partai Nasionalis (KMT) yang beroposisi dan James Soong, ketua Partai Rakyat Pertama, sempalan KMT, keduanya diundang menghadiri aksi itu. Mereka mengimbau pemerintah untuk melakukan reformasi dalam cara yang lebih pragmatis.</P>
<P>"Pemerintah Chen harus meminta maaf kepada petani dan nelayan dan memperhatikan masa depan mereka dengan seksama," kata Lien kepada kelompok itu sebelum mereka berangkat menuju kantor presiden.</P>
<P>"Keadilan sosial harus diterapkan pada petani dan nelayan yang telah berjuang bagi pembangunan ekonomi negara tapi memikul dampak yang serius akibat proyek-proyek reformasi pemerintah," kata Soong.</P>
<P>Tidak ada seorangpun pejabat pemerintah muncul menemui kelompok tersebut.</P>
<P>Akan tapi, seorang anggota parlemen dari Partai Progresif Demokratik yang berkuasa yang berusaha melakukan perundingan dengan para petani dan nelayan diejek.</P>
<P>Pada hari Jumat, Menteri Keuangan Lee Yung San mengajukan permohonan pengunduran diri gara-gara reformasi itu. Setelah pengumuman Lee, Perdana Menteri Yu Shyi Kun, Wakil PM Lin Hsin-I dan ketua Dewan Pertanian Fan Chen Tsung juga mengajukan permohonan pengunduran diri. Pengunduran diri Yu segera ditolak oleh Chen.</P>
<P>Menurut statistik pemerintah, rata-rata rasio pinjaman yang tidak dikembalikan pada lebih dari 300 koperasi kredit yang meminjamkan uang kepada petani dan nelayan meningkat menjadi 21,5 persen dengan pinjaman yang tidak dikembalikan berjumlah 180 juta dolar Taiwan (sekitar 5,2 miliar dolar) tahun ini.</P>
<P>Untuk mengkonsolidasikan seluruh sistem keuangan serta untuk membersihkan masalah pinjaman bermasalah, Kementerian Keuangan meluncurkan satu mekanisme pengawasan Agustus lalu. Mekanisme itu bertujuan untuk memperketat peraturan unit kredit rakyat kecil yang melayani pinjaman dan penabungan dan juga mengambil alih 36 koperasi yang berpenampilan jelek dengan rasio pinjaman yang tidak dikembalikan lebih tinggi dari 25 persen.</P>
<P>Tindakan itu membuat marah para pengambil kredit pertanian di pulau itu. Mereka mengatakan pemerintah hendaknya tidak berusaha "membubarkan" koperasi-koperasi itu tanpa menawarkan paket dan berikrar akan melakukan unjukrasa di depan Kantor Kepresidenan.</P>
</TEXT>
</DOC>
