<DOC>
<DOCNO>gatra090204</DOCNO>
<TITLE>Mentan: Usaha Perkebunan Harus Dibatasi	</TITLE>
<AUTHOR>Tma, Ant</AUTHOR>
<DATE> 9 Februari 2004 	</DATE>
<TEXT>
<P>Pemerintah menilai, penyelenggaraan perkebunan terkait dengan pemanfaatan tanah harus dibatasi maksimal dan minimalnya guna menghindari konsentrasi hak penggunaaan tanah yang berlebihan oleh pihak tertentu.</P>
<P>Pernyataan tersebut dikemukakan Menteri Pertanian Bungaran Saragih dalam Rapat Kerja (Raker) dengan Komisi III DPR RI, di Jakarta, Senin.</P>
<P>Raker tersebut khusus membahas Rancangan Undang-Undang (RUU) Perkebunan yang diusulkan DPR-RI pada 7 Maret 2003 dan Menteri Pertanian telah ditunjuk Presiden pada 19 Desember 2003 sebagai wakil pemerintah untuk membahas RUU perkebunan tersebut bersama DPR.</P>
<P>"Dalam penyelenggaraan usaha perkebunan diperlukan tanah yang penggunaannya harus memenuhi asas manfaat dan asas keadilan," kata Mentan Bungaran Saragih.</P>
<P>Oleh karena itu pemanfaatan tanah oleh perusahaan perkebunan harus diatur batas maksimum dan minimun, namun tetap harus memenuhi skala ekonomi dengan memperhatikan efisiensi dan efektivitas dari usaha perkebunan itu.</P>
<P>Pemerintah juga mengusulkan agar hak guna usaha untuk usaha perkebunan diberikan dengan jangka waktu sesuai dengan ketentuan peraturan perundangan yang berlaku cq Undang-Undang di bidang agraria.</P>
<P>Selain itu agar fungsi lingkungan hidup tetap lestari, para pelaku usaha perkebunan yang memerlukan ijin usaha diwajibkan untuk melakukan analisis dampak lingkungan dan khusus untuk pelaku usaha perkebunan yang menggunakan bibit rekayasa genetik wajib melakukan analisis dan manajemen resiko lingkungan.</P>
<P>Hal itu, lanjut Bungaran, karena perkebunan tidak hanya memiliki fungsi ekonomi, tapi juga fungsi sosial dan ekologis khususnya dalam hal peningkatan konservasi tanah dan air, penyerapan karbon, serta penyediaan oksigen dan membantu perbaikan lahan kritis.</P>
<P>"Kami juga sependapat dengan Dewan bahwa diperlukan perencanaan yang dapat memberikan arah dan dijadikan alat pengendali pencapaian tujuan penyelenggara perkebunan," ujarnya.</P>
<P>Dalam perencanaan tersebut, lanjutnya, tidak hanya di tingkat makro tapi juga di tingkat provinsi dan kabupaten/kota harus terpadu dan sinergi agar industri perkebunan bisa benar-benar tidak hanya mampu meningkatkan pendapatan negara dan masyarakat, tapi juga terjaga kelestariannya.</P>
<P>"Pembangunan perkebunan sebagai salah satu penggerak ekonomi Indonesia perlu didukung landasan hukum yang holistik, komprehensif, dan integratif dengan pendekatan sistem agribisnis," ujarnya.</P>
</TEXT>
</DOC>
