<DOC>
<DOCNO>gatra060504</DOCNO>
<TITLE>Eggi Sudjana Raih Doktor IPB</TITLE>
<AUTHOR>Tma, Ant</AUTHOR>
<DATE>6 Mei 2004 </DATE>
<TEXT>
<P>Tokoh kritis dan aktivis gerakan mahasiswa, Eggi Sudjana, berhasil meraih gelar doktor dalam Ilmu Pengelolaan Sumber Alam dan Lingkungan di Institut Pertanian Bogor (IPB).</P>
<P>"Ia lulus dan dinyatakan sebagai doktor baru di lingkungan IPB dengan disertasi berjudul `Analisis Ekonomi Politik dan Hukum Lingkungan Wilayah Pesisir dan Lautan Kota Batam dalam Rangka Pembangunan Berkelanjutan'," kata Kepala Humas IPB, drh Agus Lelana kepada Antara di Bogor, Kamis.</P>
<P>Ujian terbuka disertasi Eggi Sudjana yang berlangsung selama tiga jam lebih tersebut berlangsung alot.</P>
<P>Pasalnya, penguji komisi terdiri dari pakar-pakar lingkungan, seperti Prof Dr Ir Didin S Damanhuri, Menteri Kelautan dan Perikanan, Prof Dr Ir Rokhmin Dahuri, MS, Prof Dr Kooswardhono Mudikdjo, M.Sc, Prof Dr Siti Sundari Rangkuti, SH, Dr Ir Asep Saefudin M.Sc, staf ahli Menteri Negara Lingkungan Hidup, Dr Henry Bastaman dan Dr Ir Surjono Hadi Sutjahjo, MS.</P>
<P>Untuk menentukan lokasi penelitian, ia menggunakan metode purposif, dengan menunjuk Kota Batam, khususnya Pulau Batam, Pulau Rempang, Pulau Galang, dan Pulau Galang Baru sebagai lokasi penelitian.</P>
<P>Sedangkan untuk pengerjaannya diselesaikannya selama empat tahun, sehingga seluruhnya ia menghabiskan tujuh tahun untuk menyelesaikan studinya, diluar kebiasaan seorang mahasiswa S3 pada umumnya.</P>
<P>Dalam disertasinya, Eggi Sudjana mengungkapkan bahwa Batam dihadapkan pada posisi dilematis yaitu, antara potensi strategis dan prospek cerah, dengan kendala dan kecenderungan yang mengancam kapasitas berkelanjutan (sustainable capacity) kawasan tersebut.</P>
<P>Oleh karena itu, menurut dia, dibutuhkan suatu strategi pembangunan alternatif, dimana tidak hanya memperhatikan kepentingan generasi masa kini, tetapi juga generasi yang akan datang. "Konsep itu lebih dikenal dengan pembangunan berkelanjutan (sustainable development)," katanya.</P>
<P>Berbeda dengan penelitian lainnya, calon legislatif dari Partai Persatuan Pembangunan (PPP) itu menggunakan tiga pendekatan analisa yakni ekonomi, politik dan hukum lingkungan.</P>
<P>Sedangkan kondisi ekologis suatu wilayah ditentukan oleh tiga hal antara lain keharmonisan spasial, kapasitas asimilasi, dan pemanfaatan berkelanjutan.</P>
<P>Sementara itu, untuk aspek ekonomi politik ditentukan oleh dua hal, yaitu kebijakan pembangunan yang dipilih pemerintah, dalam hal ini adalah pengelola wilayah pesisir dan lautan Kota Batam, dan kultur birokrasi yang mewujudkan tata pemerintahan yang baik (good government).</P>
<P>Pada aspek hukum lingkungan, kata dia, ditentukan oleh dua indikator. Keduanya adalah penegakan hukum lingkungan dan kelembagaan pengelolaan wilayah pesisir dan lautan secara terpadu (Integrated Coastal Management).</P>
<P>Degradasi ekosistem</P>
<P>Dari hasil kajiannya, ternyata ditemukan terjadinya degradasi ekosistem yang mengancam pembangunan berkelanjutan di wilayah Batam.</P>
<P>Dari sisi ekonomi diakui terjadi pertumbuhan tinggi, namun di sisi lain terjadi peningkatan kemiskinan.</P>
<P>"Akibatnya tidak terjadi pemerataan dalam kegiatan ekonomi yang dikembangkan pemerintah dengan kegiatan ekonomi masyarakat lokal," katanya.</P>
<P>Sedangkan dalam pola pembangunan yang dilakukan di wilayah pesisir dan lautan Kota Batam, dari hasil risetnya itu belum bersifat "local people friendly", di samping juga "performance" birokrasi tampak ketidakprofesionalannya, di tambah bidang penegakan hukum lingkungan, yang masih berjalan tidak efektif dan tertib.</P>
<P>Ditegaskannya pula bahwa terkait dengan kelembagaan saat ini, di Kota Batam terdapat "duplikasi kewenangan" pengelolaan wilayah pesisir dan lautan Kota Batam, antara Otorita Batam dengan Pemkot Batam.</P>
<P>"Inilah salah satu penyebab ketidakefektifan birokrasi," kata Eggi Sudjana yang kini juga dikenal sebagai penasihat hukum itu.</P>
<P>"Untuk memecahkan masalah itu tergantung kebijakan Presiden RI untuk memberikan wewenang pengelolaan wilayah pesisir dan lautan Kota Batam," katanya menjawab pertanyaan dari salah satu komisi penguji Prof Dr Siti Sundari Rangkuti.</P>
<P>Melihat kondisi tersebut, ia menyarankan berbagai kebijakan, di antaranya Presiden RI diharapkan segera menerbitkan Peraturan Pemerintah (PP) agar tidak terjadi duplikasi kewenangan dan perlu dibuat kemitraan antara elemen di Kota Batam.</P>
<P>Sedangkan mengenai penambangan pasir tidak harus dihentikan, hanya saja perlu diperhatikan berbagai hal, dan dilakukan pembinaan dan pengkaderan aparat birokrasi serta aparat penegak hukum, sehingga akan terbentuk good government yang diidamkan, katanya.</P>
</TEXT>
</DOC>
