<DOC>
<DOCNO>indosiar020104</DOCNO>
<TITLE> Banjir Landa Brebes, Ribuan Rumah dan Ratusan Hektar Sawah Terendam	</TITLE>
<AUTHOR>  Nanang A Nurani/Idh	</AUTHOR>
<DATE>	2/1/2004	</DATE>
<TEXT>
<P>indosiar.com, Brebes - Bencana banjir kini giliran menimpa Kabupaten Brebes, Jawa Tengah. Hujan yang turun sejak siang sampai malam tahun baru 2004 kemarin (01/01/2004), menyebabkan ribuan rumah dan ratusan hektar sawah terendam air. Air menggenang sampai setinggi 1 meter di rumah penduduk. Banjir terparah melanda 7 desa di 3 kecamatan, sedangkan rumah penduduk yang terparah terendam air dialami warga Desa Karang Malang I dan II, serta Desa Ketanggungan Kecamatan Ketanggungan.</P>
<P>Air yang menggenangi pemukiman dan arela pertanian tersebut, akibat luapan air dari Bendungan Cisadap dengan ketinggian air sampai 150 Meter. Luapan air ytersebut kemudian mengalir ke Sungai Buara dan Babakan. Tanggul Sungai Babakan yanmg menampung luapan air tersebut jebol, air meluap menggenangi dua desa di sekitar tanggul.</P>
<P>Bobolnya tanggul Sungai Babakan di empat titik itu juga mengakibatkan air mengalir ke perkampungan di Desa Padakaton, Ciduwet, Ketanggungan dan Desa Dukuhturi  di Kecamatan Ketanggungan. Sementara di Kecamatan Tanjung Desa Kedawung juga tergenang air. Banjir yang melanda 7 desa tersebut, mulai surut saat hujan mulai reda dan air Sungai Babakan mulai surut.</P>
<P>Akhmad Tasdik, Kepala Desa Padakaton mengungkapkan desanya merupakan pelanggan banjir. Namun banjir yang melanda kemarin cukup membuat takut dan khawatir warga.</P>
<P>Sementara warga Desa Kalimalang yang rumahnya tergenang air hingga mencapai satu meter, mengeluh terhadap pemerintah yang tidak cepat dan tanggap menangani banjir yang setiap tahun pasti terjadi. Desa Kalimalang, tergenang air, akibat dari luapan Sungai Babakan, bukan dari bobolnya tanggul yang berada di Desa Padakaton dan Desa Ketanggungan.</P>
<P>Sampai sore kemarin,  tanggul yang bobol dan menyebabkan banjir tersebut belum ditutup oleh pihak berwenang. Sebanyak 1000 karung untuk disisi batu menyangga tanggul telah dikirim dan  satu ton beras juga didatangkan Pemkab Brebes untuk penduduk yang terkena banjir. Dandim 0713 Letkol Ferdinand Aritonang mengatakan, pihaknya sudah mempersiapkan personilnya untuk membantu menutup tanggul tersebut.</P>
</TEXT>
</DOC>
