<DOC>
<DOCNO>indobic120504</DOCNO>
<TITLE>	Sembilan Tanaman Obat Aman dan Bermanfaat	</TITLE>
<AUTHOR></AUTHOR>
<DATE>	12/05/2004	</DATE>
<TEXT>
<P>Jakarta, Kompas  Badan Pengawas Obat dan Makanan (Badan POM) menyebutkan, saat ini sudah ada hasil penelitian sementara yang menunjukkan bahwa sembilan tanaman obat asli Indonesia yang aman dan bermanfaat. Selanjutnya, sembilan obat itu akan diteliti sampai tingkat uji klinis dalam kurun waktu dua tahun.</P>
<P>Sekretaris Utama Badan POM, Mawarwati Djamaludin, dalam rapat dengar pendapat Komisi VII DPR di Jakarta, Senin (10/5) mengatakan, dengan melihat potensi hasil penelitian terhadap tanaman obat yang bisa memberi dorongan terhadap pembangunan kesehatan dan ekonomi secara nasional maka pengembangan obat asli Indonesia perlu diprioritaskan.</P>
<P>Sembilan tanaman obat yang aman dan bermanfaat itu adalah kunyit, temu lawak, dan jati belanda untuk menurunkan kadar kolesterol; buah mengkudu dan daun salam untuk menurunkan kadar gula darah; cabai jawa sebagai afrodisiak; sambiloto dan jahe merah sebagai anti-neoplasma; dan daun jambu biji sebagai anti-dengue.</P>
<P>Penelitian ini baru sebagian dari seluruh tanaman yang berpotensi sebagai obat. Dengan berbagai keanekaragaman hayati yang luar biasa, Indonesia memiliki 30.000 jenis tumbuhan. Sebanyak 940 spesies diketahui berkhasiat obat, dan kira-kira 180 spesies telah digunakan dalam ramuan obat tradisional oleh industri obat tradisional.</P>
<P>Beberapa penelitian sediaan herbal menunjukkan, setidaknya beberapa jenis tumbuhan obat telah terbukti aman dan berkhasiat untuk membantu pengobatan penyakit degeneratif dan penyakit menular, yang disebabkan oleh virus. Oleh karena itu, teknologi pembuatan sediaan herbal harus dikembangkan. Pengembangan sediaan itu bisa dalam bentuk bahan baku utama berupa ekstrak, sediaan galenik, teknologi pembuatan serbuk, maupun teknologi pembuatan produk jadi.</P>
<P>Agar mutu, keamanan, dan khasiat produk obat yang berasal dari herbal tersebut dapat lebih dipertanggungjawabkan secara ilmiah maka perlu didukung dengan berbagai penelitian seperti uji toksisitas, praklinik, dan uji klinik yang memenuhi kaidah internasional, kata Mawarwati.</P>
<P>Terkait dengan pengembangan tanaman obat, Badan POM melihat, pada dasarnya sudah banyak dilakukan penelitian oleh berbagai pihak namun tidak secara terpadu. Oleh karena itu, diperlukan jaringan kerja sama di bidang standardisasi dan riset secara nasional yang kuat.Untuk tahun anggaran ini, dana untuk pengembangan obat asli Indonesia termasuk penelitian sembilan</P>
</TEXT>
</DOC>
