<DOC>
<DOCNO>indosiar021203-001</DOCNO>
<TITLE>	Banjir Jambi Ancam 500 Hektar Tanaman Pangan	</TITLE>
<AUTHOR> Manihuruk/Her	</AUTHOR>
<DATE>	2/12/2003	</DATE>
<TEXT>
<P>indosiar.com, Jambi - Luapan sungai Batang Hari terus meningkat menyusul hujan deras yang mengguyur daerah itu hingga hari Senin (1/12) malam mengakibatkan luas areal pertanian tanaman pangan yang terendam, bertambah. Hingga hari Selasa (2/12) areal pertanian tanaman jagung, kedelai, kacang tanah dan sayur sayuran di wilayah Aurduri kota Jambi dan di Desa Mekar Sari, Muara Jambi yang terendam banjir mencapai 500 hektar.</P>
<P>Ketinggian air di daerah pertanian tersebut mencapai 80 % cm dikhawatirkan tanaman yang siap panen dan tanaman yang baru berumur satu bulan terancam rusak berat. Sementara itu Kadis Kimpraswil Ir. H.M. Tronto pada rapat satkorlag penanggulangan banjir mengatakan ketinggian permukaan sungai Batang Hari pada hari Selasa sudah mencapai 12,90 meter atau naik setinggi 5 cm dari kondisi hari Senin (1/12) sekitar 12,85 meter.</P>
<P>Bila dibandingkan kondisi normal, tingginya permukaan air Sungai Batang Hari itu mengalami kenaikan sekitar 4 meter dari kondisi biasa. Bila hujan terus mengguyur daerah itu, sepekan ini, luapan sungai Batang Hari tersebut diperkirakan mencapai 13,87 meter atau pada kondisi siaga satu.</P>
<P>Sementara itu Sekda Provinsi Jambi Drs. Khalik Saleh mengatakan semua instansi terkait yang tergabung dalam satkorlag penanggulangan banjir daerah itu harus meningkatkan kesiagaan posko selama 24 jam. Kemudian stok bantuan pangan dan akomodasi serta obat-obatan harus siap untuk disalurkan.</P>
<P>Disebutkan saat ini sudah tersedia 68 ton bantuan beras khusus korban bencana banjir di daerah itu. Sebanyak 5 ton, beras tersebut sudah disalurkan ke kabupaten. Kemudian dinas Kimpraswil provensi Jambi juga sudah menyiapkan sekitar 1000 karung plastik dan 1000 unit kawat brojong guna mengantisipasi terjadinya tanggul-tanggul yang jebol akibat banjir.</P>
</TEXT>
</DOC>
