<DOC>
<DOCNO>indosiar050704-001</DOCNO>
<TITLE>Presiden Megawati Lakukan Panen Raya di Sumedang</TITLE>
<AUTHOR>SumKa</AUTHOR>
<DATE>05-07-2004</DATE>
<TEXT>
<P>indosiar.com, Sumedang - Presiden RI Megawati Soekarnoputri melakukan kunjungan kerja ke Desa Kebon Cawu, Kecamatan Ujung Jaya, Sumedang, Jawa Barat, dalam rangka panen raya padi di atas areal 1300 hektar. Ikut dalam rombongan, Menteri Perindustrian dan Perdagangan Rini Suwandhi, Menteri Pertanian Bungaran Saragih, Gubernur Jawa Barat Dani Setiawan dan Kapolda Jawa Barat Irjen Dadang Garnida serta Bupati Sumedang Don Murdono.</P>
<P>Tidak ada sambutan dalam kunjungan ini, namun presiden sempat menjawab pertanyaan seorang petani, yang menginginkan para petani untuk tetap bisa memproduksi beras dalam negeri. Hal itu bisa terlaksana jika ada kerjasamanya pemerintah dengan para petani. Apalagi pemerintah sudah melakukan subsidi pupuk dan lumbung modrn atau lubmbung padi.</P>
<P>Presiden berharap pada para petani, untuk terus menerus mencari dan menggali pengetahuan sendiri, terutama mencari hal-hal yang bisa meningkatkan kwalitas beras. Pantauan indosiar.com, kunjungan Presiden di lokasi tersebut mendapat sambutan dari ribuan masyarakat. Karena banyak warga yang ingin melihat wajah Megawati lebih dekat</P>
</TEXT>
</DOC>
