<DOC>
<DOCNO>indosiar161203</DOCNO>
<TITLE>	Ratusan Ternak Banyumas Mati Sia-sia	</TITLE>
<AUTHOR> Nanang/Her	</AUTHOR>
<DATE>	16/12/2003	</DATE>
<TEXT>
<P>indosiar.com, Banyumas - Ratusan ternak unggas milik penduduk di wilayah kabupaten Banyumas dan Cilacap mati sia-sia setelah terserang penyakit misterius. Penyakit ini diketahui menyerang unggas para peternak secara mendadak dalam waktu singkat.</P>
<P>Penyakit tersebut menunjukkan hal cukup aneh seperti bagian perut berisi banyak cairan sehingga terlihat menggelembung. Jika posisi kepala ayam diangkat keatas, maka cairan tersebut akan keluar melalui lubang anus. Sebaliknya jika bagian ekor yang diangkat keatas, cairan itu akan keluar melalui mulut ayam.</P>
<P>Gejala utama yang dialami yakni rasa ingin minum yang banyak dari ternak tersebut. Setelah itu tiba-tiba lemas dan kemudian mati. Juga terdapat penimbunan darah yang cukup banyak disekitar organ pencernaan. Menurut salah seorang peternak di Cilacap, Toyip, saat membuka bagian perut dari seekor ayam yang terkena panyakit, keluar darah sangat banyak. Namun organ pencernaan seperti hati, jantung dan pencernaan lainnya tetap utuh. Kerena penyakit misterius tersebut, banyak warga yang kemudian memotong ternaknya.</P>
<P>Kepala Dinas Pertanian dan Peternakan Kabupaten Cilacap, Ir.H. Anton Santosa mengatakan pihaknya masih melakukan penyelidikan atas penyakit yang menyerang ternak unggas milik warga di kabupaten Cilacap. Meski penyakit itu menyerang secara mendadak, menurut Anton gejalanya sangat berbeda jauh dengan serangan penyakit misterius penyebab kematian ribuan ayam di kabupaten Purbalingga. Dikatakannya, saat ini penyakit misterius itu juga telah menularkan ternak lain milik warga di perbatasan Banyumas dan Cilacap.</P>
</TEXT>
</DOC>
