<DOC>
<DOCNO>indosiar070504</DOCNO>
<TITLE>Tradisi Petani Berburu Tikus</TITLE>
<AUTHOR>Nanang Nurani/Sup</AUTHOR>
<DATE> 7/5/2004 </DATE>
<TEXT>
<P>indosiar.com, Jawa Tengah - Para petani di Purbalingga, Jawa Tengah, kini tengah gencar-gencarnya berburu tikus. Ratusan hektar tanaman padi di daerah tersebut terancam gagal panen akibat diserang hama tikus.</P>
<P>Untuk menangulangi serangan hama tikus yang menyerang tanaman padi warga Kabupaten Purbalingga, Jawa Tengah, memiliki cara sendiri dengan melakukan perburuan tikus atau dikenal dengan istilah gropyokan.</P>
<P>Perburuan tikus ini mulai dilakukan secara besar-besaran seiring dukungan pemerintah kabupaten Purbalingga yang memberi hadiah kepada para pemburu tikus tersebut berupa uang.</P>
<P>Perburuan tikus yang kini dijadikan ajang lomba, ternyata membuat petani antusias menangkap hewan perusak tanaman padi ini. Mereka yang melakukan perburuan biasanya ada tiga hingga empat orang. Dan biasanya dilakukan dari malam hingga pagi hari dengan cara memasang perangkat atau langsung membongkar lubang-lubang persembunyian tikus.</P>
<P>Ratusan hektar areal persawahan di sejumlah kecamatan yang menjadi sentra produksi padi kini teeserang hama tikus. Paling parah terdapat di Kecamatan Kalimana. Jika serangan hama tikus ini tidak segera dikendalikan, petani khawatir produksi padi mereka akan terganggu.</P>
<P>Kepala Dinas Pertanian dan Kehutanan Lilik Purwanti mengatakan, hama tikus telah menyerang paling sedikit 103 hektar sawah dari 16 ribu hektar persawahan yang ada.</P>
</TEXT>
</DOC>
