<DOC>
<DOCNO>indosiar030304</DOCNO>
<TITLE>	Dipertanyakan, Kelanjutan Proyek Irigasi Sarolangun	</TITLE>
<AUTHOR> Rosenman/Idh	</AUTHOR>
<DATE>	3/3/2004	</DATE>
<TEXT>
<P>indosiar.com, Jambi - Anggota Dewan DPRD Provinsi Jambi, pertanyakan kelanjutan proyek irigasi 12 km di Kabupaten Sarolangun. Proyek irigasi sepanjang 12 km yang direncanakan untuk pembuatan DAM kultur mengaliri areal pertanian rakyat setempat seluas 3 ribu hektar.</P>
<P>Anggota Fraksi TNI/Polri DPRD Provinsi Jambi, Purwo Siswoko, menyoroti masalah kelanjutan proyek irigasi itu. Menurutnya, proyek irigasi itu sebelumnya telah dimasukkan dalam program Pemprov Jambi. Namun tindak lanjut pembangunan proyek itu hingga kini belum dilaksanakan.</P>
<P>Sesuai rencana, program tersebut telah disepakati oleh Pemprov Jambi dengan Pemkab Sarolangun. Dalam kesepakatan itu, Pemprov akan membangun DAM kultur yang mengaliri arel pertanian warga seluas 3 ribu hektar. Masyarakt setempat sangat mengharapkan pembangunan tersebut, karena lahan pertanian didaerah itu sulit air.</P>
<P>Ditambahkannya, Pemprov Jambi agar segera merealisasikan proyek irigasi itu, karena sangat dibutuhkan para petani setempat. Pertumbuhan pertanian di daerah itu kurun waktu dua terakhir sangat merosot. Hal ini disebabkan tidak adanya irigasi yang dapat mengairi lahan para petani, khususnya pada musim kemarau. Dengan berfungsinya irigasi itu, kata Siswoko, petani dan masyarakat setempat dapat ,meningkatkan produksi pertaniaan seperti , padi sawah, tanaman palawija dan tanaman pangan lainnya.</P>
</TEXT>
</DOC>
