<DOC>
<DOCNO>indosiar080504</DOCNO>
<TITLE>Pupuk Bersubsidi Rp 1,3 Trilyun Mulai Disalurkan	</TITLE>
<AUTHOR>Agus Hermanto/Tom</AUTHOR>
<DATE>8/5/2004	</DATE>
<TEXT>
<P>indosiar.com, Semarang - Untuk membantu pemenuhan kebutuhan Petani selama satu tahun, pemerintah mulai menyalurkan pupuk bersubsidi senilai Rp 1,3 trilyun. Dengan subsidi ini, harga pupuk bisa ditekan menjadi lebih murah dari harga pasaran.</P>
<P>Saat melakukan sosialisasi pupuk bersubsidi di gudang pengatongan PT Pusri Kawasan Tanjung Emas, Semarang, Menteri Pertanian Bungaran Saragih mengatakan adanya subsidi sebesar Rp 1,3 trilyun dari pemerintah ini dimaksudkan agar dapat membantu sepenuhnya kebutuhan para petani.</P>
<P>Subsidi tersebut membuat harga pupuk akan lebih rendah dari harga pasaran yang selami ini memakai standar internasional. Contohnya, pupuk urea yang biasanya dijual Rp 1.350,- per kg akan bisa diperoleh dengan Rp 1.050,- per kg.</P>
<P>Penyaluran subsidi dari pemerintah ini akan dilakukan melalui pabrik-pabrik pupuk di tanah air. Kemudian, pupuk disalurkan kepada petani melalui distributor. Bungaran berharap penyaluran pupuk bersubsidi bisa sampai langsung ke tangan petani, dan meminta semua pihak mengontrol pendistribusiannya.</P>
</TEXT>
</DOC>
