<DOC>
<DOCNO>indosiar010803</DOCNO>
<TITLE>	Ekspor Kakao Sulteng Anjlok Akibat Diserang Hama PBK	</TITLE>
<AUTHOR> Syamsuddin/Idh	</AUTHOR>
<DATE>	1/8/2003   	</DATE>
<TEXT>
<P>indosiar.com, Palu - Ekspor kakao Sulawesi Tengah tahun ini diprediksi mengalami keanjlokan sampai 40 persen. Akibatnya, petani kakao kehilangan penghasilan sampai setengah triliun rupiah.</P>
<P>Anjloknya ekspor kakao tersebut akibat serangan hama penggerek buah kakao (PBK) yang mengganas dan mematikan jutaan pohon kakao. Para petani tidak berdaya mengatasinya. Padahal, Dinas Pertanian, Perkebunan dan Peternakan secara terus-menerus memberikan penyuluhan ke petani.</P>
<P>Menurut Kulman (40), petani kakao asal Kecamatan Sindue, kabupaten Donggala, sebenarnya hama PBK mulai menyerang perkebunan kakao milik masyarakat sejak dua tahun lalu. Tetapi, baru tahun ini yang cukup parah. Dari sekitar 300 pohon kakao miliknya, setengah diantaranya mati diserang hama. Diakui, serangan hama menyebar ke semua areal perkebunan kakao yang terdapat di delapan kabupaten.</P>
<P>Senada dengan itu, Marsid, petani yang memilik kebun kakao seluas 20 ha di Parigi Moutong menuturkan tahun-tahun sebelumnya, ia bisa dapat sampai 25 ton sekali panen. Namun semenjak adanya serangan hama itu, akhirnya turun drastis dan tinggal 10 ton lebih saja.</P>
<P>Selain petani, kalangan pedagang dan pengumpul kakao di Palu juga merasakan turunnya produksi kakao. Berbeda dengan sebelumnya, saat ini agak sulit untuk mendapatkan kakao dalam jumlah besar dalam tempo singkat. Sekarang pembeli harus mendatangi enam sampai tujuh petani untuk mendapatkan 500 kg biji kakao.</P>
<P>"Sekarang uang yang mencari kakao. Kalau dulu, kakao yang mencari uang. Ada uang ada kakao. Hanya dalam waktu dua bulan, saya bisa mengumpulkan sampai 50 ton," kata Albert Tjiputra, salah seorang pedagang kakao di Palu.</P>
<P>Serangan hama PBK juga ikut membuat gusar Ketua Asosiasi Kakao Indonesia (Askindo) Sulawesi Tengah, Herman Agan. Ia memprediksi ekspor tahun ini anjlok sampai 40 persen. Sebelumnya, rata-rata ekspor kakao dari provinsi ini mencapai 200 ton lebih setiap tahunnya. Sementara produksi dari petani diperkirakan tidak kurang dari 400 ton saban tahun. Dari jumlah produksi itu, Herman memperkirakan peredaran uang di tingkat petani kakao mencapai Rp 1 triliun setiap tahun.</P>
<P>Angka yang cukup fantastis, jauh lebih besar dari APBD Sulawesi Tengah yang hanya Rp 100 miliar lebih.</P>
<P>Sejak krisis moneter melanda Indonesia, petani kakao Sulawesi Tengah justru menjadi kaya raya. Waktu itu, kata Herman, harga kakao di tingkat petani tidak pernah turun dari Rp 20.000/kg. Kendaraan roda dua dan roda empat, selalu dibeli secara tunai para petani meski dua sampai tiga buah sekaligus. Apa saja dapat dibeli. Kondisi itu pula yang memperjelas tajamnya perbedaan kehidupan antara petani kakao dengan petani sawah atau nelayan di Sulawesi Tengah.</P>
<P>Sekarang pun, harga kakao masih selalu mengikuti perkembangan nilai dolar. Saat ini, harga jual petani berkisar antara Rp 12.000 sampai dengan Rp 13.000/kg. Tidak heran, banyak petani sawah yang mengalihkan fungsi lahannya menjadi perkebunan kakao. Sebab, berkebun kakao jauh lebih menguntungkan ketimbang menggarap sawah, mulai dari biaya produksi sampai kepada pemeliharaan, lebih hemat biaya dan tenaga.</P>
</TEXT>
</DOC>
