<DOC>
<DOCNO>indosiar130504</DOCNO>
<TITLE>Dua Sentra Padi di Jambi Gagal Tanam</TITLE>
<AUTHOR>RS Manihuruk/Idh </AUTHOR>
<DATE>13/5/2004	</DATE>
<TEXT>
<P>indosiar.com, Jambi. Dua kecamatan yang menjadi sentra tanaman pangan di Kota Jambi yaitu Kecamatan Jambi Selatan dan Jambi Timur, mengalami gagal tanam padi akibat benih yang sudah disemaikan rusak terendam banjir. Areal persawahan yang mengalami gagal tanam itu sekitar 500 hektare atau 38,80 persen dari 1.289 hektare total sasaran penanaman padi di Kota Jambi.</P>
<P>Akibat gagal tanam tersebut, diungkapkan Camat Jambi Selatan Drs Ridwan, para petani di wilayahnya kini kesulitan benih padi akibat rusaknya benih yang disemaikan dua bulan lalu puso terendam banjir. Sasaran tanam sekitar 90 hektare yang ditargetkan rampung awal Mei ini hanya terealisasi sekitar 40 hektare (44 persen). Untuk melanjutkan penanaman padi tersebut, para petani belum memiliki benih padi.</P>
<P>Lambannya pencapaian target penanaman padi di kecamatan tersebut juga disebabkan pengolahan sawah, belum adanya tata air mikro, tidak adanya pintu-pintu air yang mengakibatkan sebagian besar areal sawah di wilayah tersebut, mudah terendam banjir ketika curah hujan tinggi dan permukaan sungai meluap. Kemudian pengolahan sawah sulit dilakukan kalau kemarau karena lahan cepat kering.</P>
<P>Karena itu pembangunan tata air mikro dan pintu air di kawasan pertanian tanaman pangan Jambi Selatan perlu segera dilakukan. Hal ini penting agar para petani dapat mengatur pengairan sawah sesuai kebutuhan dan jadwal tanam tidak tergantung musim, jelas Ridwan.</P>
<P>Sementara Camat Jambi Timur Drs Suherman ME mengatakan, tidak adanya tata air mikro dan pintu air juga menghambat pengembangan pengembangan tanaman pangan, khususnya padi sawah. Para petani di wilayahnya hingga kini belum seluruhnya dapat melakukan penanaman padi pada areal sawah sekitar 350 hektare karena benih padi rusak terendam banjir.</P>
<P>Para petani juga gagal tanam karena sebagian besar areal mereka masih terendam banjir akibat meningkatnya luapan sungai menyusul tingginya curah hujan di daerah itu selama Januari sampai April.</P>
<P>Menurut Kepala Dinas Pertanian Kota Jambi Ir Azwar, untuk meningkatkan luas tanam dan produksi padi di kota tersebut sangat dibutuhkan pembangunan tata air mikro dan pintu pintu air. Sarana dan prasarana irigasi itu penting agar pengaturan air di sawah dapat dilakukan para petani.</P>
<P>Mengenai kesulitan benih padi petani, Azwar mengatakan, pihaknya kini sedang mengusahakan bantuan ke Dinas Pertanian Tanaman Pangan Provinsi Jambi. Kemudian mengenai pembangunan tata air mikro dan pintu air, hal itu sudah diusulkan agar masuk APBD dan APBN.</P>
</TEXT>
</DOC>
