<DOC>
<DOCNO>indosiar021203-002</DOCNO>
<TITLE>	Panen Perdana Padi Jenis Unggul di Jambi	</TITLE>
<AUTHOR>  RS Manihuruk/Tom	</AUTHOR>
<DATE>	2/12/2003	</DATE>
<TEXT>
<P>indosiar.com, Jambi - Panen perdana padi jenis unggul di Desa Sitiris, Kecamatan Maroseboulu, Kabupaten Muaro Jambi, akhir tahun 2003 ini mampu menghasilkan beras sebanyak 6 ton setiap hektarnya. Kepala Dinas Pertanian Muaro Jambi Ir Asnopidal MM, Senin (01/12/2003), mengatakan panen perdana padi jenis unggul tersebut terdapat di sentral-sentral padi, yang ada di Desa Pematang Pulai, Pulai Kayu Aro, dan Desa Balembang.</P>
<P>Hasil panen penghujung tahun ini didaerah tersebut cukup memuaskan yang mampu menghasilkan 6 ton beras per hektar untuk jenis padi unggul. Sedangkan padi jenis lokal mampu menghasilkan padi sebanyak 3 ton per hektar. Dari hasil panen tersebut belum dapat dijadikan agar bisa mengejar target swasembada beras di Kabupaten Muaro Jambi. Kondisi ini disebabkan masyarakat masih memanfaatkan hasil panen padi untuk dikonsumsi sendiri. Untuk mencapai target swasembada beras masih terkendala pada panen padi, yang hanya bisa dilakukan satu kali dalam setahun.</P>
<P>Sementara itu, Kepala Kantor Biro Pusat Statistik (BPS) Provinsi Jambi Drs Hasnul Sidgli, menjelaskan untuk menciptakan panen padi sebanyak 2 kali dalam setahun. Pihaknya masih dalam kesulitan karena selain musim hujan yang terus menghantui, bibit yang digunakan juga belum mampu menghasilkan panen yang optimal.</P>
<P>Sementara Ketua Kelompok Tani Harapan Jaya Desa Sitiris, Nurdin B menyatakan hamparan padi yang tampak di sepanjang persawahan Desa Sitiris adalah milik mereka. Kelompok tani yang berdiri sejak tahun 1993 telah memiliki 41 orang anggota dengan memiliki areal persawahan seluas 60 hektar, dan setiap tahunnya mampu menghasilkan 5,8 - 6 ton padi per hektar.</P>
</TEXT>
</DOC>
