<DOC>
<DOCNO>indosiar140204</DOCNO>
<TITLE>	Empat ratus Sawah di Bekasi Terancam Puso	</TITLE>
<AUTHOR>  Gustaf Roberto dan Ahmad Susanto/Alb	</AUTHOR>
<DATE>	14/2/2004	</DATE>
<TEXT>
<P>indosiar.com, Bekasi - Banjir yang kerap terjadi di desa Kedung Jaya, Bagelan, Bekasi kembali merisaukan warga di desa tersebut yang mayoritas petani. Hujan tersebut mengakibatkan 400 hektar sawah tersendam air, dan terancam rugi hingga ratusan juta rupiah akibat gagal panen.</P>
<P>Bagi ratusan warga desa Kedung Jaya, Bagelan, Bekasi kondisi tingginya air selutut merupakan hal biasa. Pasalnya banjir yang berasal dari luapan kali Gatang yang mengalir di desa Kedung Jaya ini, selalu melanda perkampungan mereka.</P>
<P>Walau dianggap biasa, banjir ini tak urung merisaukan warga yang mayoritas petani. Sejak kemarin genangan air telah menutupi hampir seluruh lahan padi, seluas 400 hektar. Bahkan seminggu lalu banjir ini diakui telah mengakibatkan 90 hektar persawahan mereka gagal panen.</P>
<P>Salah satu petani Endang menyebutkan, tingginya genangan air berawal dari dangkalnya kali disekitar desa kedung Jaya, hingga tidak dapat menampung luapan air dari desa-desa disekitarnya. Selain itu pemda setempat terkesan tidak perduli, karena hingga kini belum melakukan upaya perbaikan.</P>
<P>Akibat banjir ini diperkirakan lebih dari 300 hektar sawah terancam gagal panen, dan para petani terancam kerugian hingga ratusan juta rupiah. Karena itu Departemen Pertanian diharapkan segera turun tangan membenahi sistem irigasi di persawahan mereka.</P>
</TEXT>
</DOC>
