<DOC>
<DOCNO>indosiar151203	</DOCNO>
<TITLE>	Akibat Banjir, Tujuh Tanggul dan Dua Bendung Jebol	</TITLE>
<AUTHOR> Nanang Nurani/Idh	</AUTHOR>
<DATE>	15/12/2003	</DATE>
<TEXT>
<P>indosiar.com, Banyumas - Bencana banjir yang terjadi awal pekan lalu di Kabupaten Banyumas, tidak hanya menenggelamkan ratusan rumah dan lahan pertanian saja. Sedikitnya tujuh buah titik tanggul serta dua bendung irigasi, dilaporkan rusak berat. Kerusakan tanggul dan bendung irigasi itu terjadi di tiga kecamatan, dari 7 kecamatan yang dilanda banjir yakni Tambak, Sumpyuh dan Kemranjen.</P>
<P>Kepala Dinas Pertambangan dan Energi Kabupaten Banyumas  Ir Budi Susilo ketika dihubungi di ruang kerjanya mengatakan, di Kecamatan Kemranjen, dua tanggul yang jebol yakni di Petarangan dan Gatel panjang tanggul yang jebol antara 5- 20 meter. Di Petarangan, ada empat titik tanggul yang jebol serta sebuah jembatan ikut hanyut. Jebolnya tanggul tersebut, akibat meluapnya Sungai Petarangan.</P>
<P>Dari laporan cuaca, curah hujan yang turun di daearh cukup tinggi. Sedang di Gatel, terjadi akibat meluapnya sungai tersebut hingga menyebabkan dua titik tanggul tak mampu menahan luapan air. "Kondisi yang sama juga berlaku di Sumpiuh. Akibat curah hujan yang tinggi, Sungai Sumpyuh tak mampu menampung air hingga meluap dan masuk ke saluran induk Sumpyuh, yang beberapa waktu lalu dibangun pihak provinsi Jateng. Saluran induk tersebut akhirnya jebol sepanjang 300 meter.Padahal rencananya saluran tersebut akan diserahkan, tapi sudah keburu jebol," ujar Budi Susilo.</P>
</TEXT>
</DOC>
