<DOC>
<DOCNO>indosiar170603</DOCNO>
<TITLE>	Ribuan Hektar Sawah Terancam Puso	</TITLE>
<AUTHOR> Sup	</AUTHOR>
<DATE>	17/6/2003 	</DATE>
<TEXT>
<P>indosiar.com, Jawa Barat - Puluhan hektar sawah diwilayah Cirebon, Kuningan dan Indramayu terancam puso karena kekeringan.</P>
<P>Sekitar 50 ribu hektar lahan tanaman padi di Indramayu, Kuningan, Majalengka dan Cirebon, dilanda kekeringan akibat berkurangnya curah hujan yang turun diwilayah tersebut. Di Cirebon, diperkirakan 25 ribu hektar tanaman padi terancam puso jika akhir Juni 2003 tidak turun hujan. Padahal dari target musim tanam padi tahun 2003 sebanyak 35 ribu hektar hanya mencapai 25 ribu hektar.</P>
<P>Sementara yang 10 ribu hektar tidak dapat ditanami karena tidak tersedianya air, sebagai upaya menyiasati musim kemarau panjang di Cirebon, menurut Dinas Pertanian Kabupaten Cirebon Satori, pihaknya akan mengupayakan penanaman palawija, semangka dan bengkoang.</P>
<P>Bencana kekeringan selama musim kemarau hingga pertengahan tahun 2003 juga terjadi di Kabupaten Majalengka. Bahkan puluhan petani terpaksa membobol salah satu alat ukur pembagian air yang berlokasi didepan rumah dinas PSDA Kabupaten Majalengka. Bahkan di Majalengka sekitar 200 hektar lahan terancam kekeringan jika akhir Juni 2003 tidak diguyur hujan.</P>
</TEXT>
</DOC>
