<DOC>
<DOCNO>indosiar070204</DOCNO>
<TITLE>	Produksi Kentang Kerinci Dipasok ke PT Indofood	</TITLE>
<AUTHOR>  RS Manihuruk/Tom	</AUTHOR>
<DATE>	7/2/2004	</DATE>
<TEXT>
<P>indosiar.com, Jambi - Para petani kentang jenis Atalantic  di Kabupaten Kerinci kini semakin bergairah menyusul adanya kerja sama pemasaran hasil pertanian mereka ke perusahaan makanan terkenal PT Indofood.</P>
<P>PT Indofood siap menampung hasil panen kentang Atlantik dari Kerinci setelah dilakukannya penandatangan kerja sama antara Pemkab Kerinci dengan pihak PT Indofood Jakarta tahun lalu.L</P>
<P>Dalam  kesepakatan tersebut PT Indofood bersedia memborong kentang jenis Atlantik yang dihasilkan para petani Kerinci berapa pun jumlahnya.</P>
<P>Hal itu diungkapkan Kepala Dinas Pertanian dan Perkebunan Kabupaten Kerinci Ir Zubir Muchtar di ruang kerjanya, Jumat (06/02/2004), menanggapi penanganan pasar sayur-mayur Kerinci. Zubir mengatakan, pengiriman perdana  kentang Atlantik Kerinci ke PT Indofood telah dilakukan November 2003 lalu.</P>
<P>Pengiriman dilakukan melalui koperasi pasar (Koppas) Kecamatan Kayuaro. Ketika itu telah mengirim sekitar 65 ton kentang jenis Atlantik dengan harga Rp 3.500 per Kg.</P>
<P>Kentang Atlantik yang dikirim tersebut merupakan produksi 10 hektar lahan pertanian kentang di Kecamatan Kayu Aro. Lahan tersebut menghasilkan kentang 10 ton per hektar.</P>
<P>Menurut Zubir dalam waktu dekat ini, Koppas Kayuaro yang dipimpin Ketuanya Ujang akan mengirimkan kentang tahap kedua. Jumlah hasil panen kentang Atlantik Kerinci yang akan dikirim diperkirakan mencapai 150 ton.</P>
<P>Zubir mengatakan, perusahaan PT Indofood  tertarik produksi kentang Atlantik Kerinci karena kandungan airnya sedikit dan aromanya wangi. Kentang tersebut tidak banyak membutuhkan memakan minyak bila diolah jadi kentang goreng.</P>
<P>Untuk mengembangkan bibit kentang tersebut, Dinas Pertanian Kerinci telah melakukan kerja sama dengan Japan International Cooperation Agency (JICA). Kerja sama itu akan dilaksanakan  pertengahan 2004.</P>
<P>Zubir mengatakan, kerja sama dengan Jepang ini akan banyak memberikan hasil kepada petani. Hasil itu bisa dipetik karena selain melakukan pembibitan, masyarakat akan terbantu dengan terbukanya peluang pekerjaan yang baru di bidang pembibitan kentang Atlantik tersebut.</P>
</TEXT>
</DOC>
