<DOC>
<DOCNO>indosiar140703</DOCNO>
<TITLE>	Otorita Batam Kembangkan Agro Industri	</TITLE>
<AUTHOR> Albertus Bembot/Tom/Idh	</AUTHOR>
<DATE>	14/7/2003 	</DATE>
<TEXT>
<P>indosiar.com, Jakarta - Dalam rangka peningkatan objek wisata agrobisnis di kawasan otorita Batam, Deputi Operasi Otorita Batam Benyamin Baluk, menandatangani Memorandum of Agreement (MoU) dengan Crystal Agrotech Corporation yang diwakili oleh Lim Ceh Kaan, selaku direktur manager.</P>
<P>MoU yang ditandatangani tersebut untuk melakukan kerjasama perkembangan perkebunan dan buah-buahan dengan luas tanah sebesar 60 hektar milik otoritas Batam.</P>
<P>Penandatanganan MoU dengan Crystal Agrotech Corp, sebuah perusahaan dari Malaysia, disaksikan oleh Dirjen Bina Produksi Hortikula di Departemen Pertanian, Senin (14/07/2003).</P>
<P>Kerjasama perkembangan perkebunan buah-buahan ini, selain untuk meningkatkan kerjasama wisata, juga dianggap memiliki nilai ekonomis yang tinggi untuk produk ekspor luar negeri dengan tujuan Singapura, Taiwan, Hong Kong dan Timur Tengah.</P>
<P>Kerjasama ini juga akan membangun pusat pembibitan buah-buahan unggul, membangun pusat pendidikan dan pelatihan bagi masyarakat di bidang agro industri buah-buahan di Pulau Batam.</P>
<P>Proyek investasi pertanian di Pulau Batam hanya berkisar 1 % dari jumlah proyek yang ada. Oleh karena itu otorita Batam melakukan pengembangan dengan bekerja sama dengan investor asing.</P>
<P>Menurut Benyamin, dalam proyek ini pihak Crystal Corp selain menyiapkan dana sebesar 20 milyar dolar Amerika, juga menyiapkan investasi tenaga teknis dan ahli. Namun proyek ini akan mempekerjakan masyarakat di sekitar Batam dan diperkirakan 5 tahun kedepan, Pulau Batam akan memiliki produk-produk buah-buahan dengan variatif unggul ekspor.</P>
<P>Buah-buahan yang akan ditanam adalah guava sedres, nangka mastura, blimbing madu, pepaya eksotika dan buah-buahan tropis lainnya.</P>
</TEXT>
</DOC>
