<DOC>
<DOCNO>indosiar060304</DOCNO>
<TITLE>	Gelapkan Uang Petani, Kepala Desa dan Ketua KT Dilengser </TITLE>
<AUTHOR>  Rosenman/Idh	</AUTHOR>
<DATE>	6/3/2004 </DATE>
<TEXT>
<P>indosiar.com, Jambi - Seorang kepala desa (Kades) dan ketua kelompok tani (KT)Desa Sungai Lingkar Maro Sebo Ulu Kabupaten Batanghari dipaksa dlengser dari jabatannya oleh warga desa karena diketahui menggelapkan uang para petani sebesar Rp. 16,69 juta.</P>
<P>Menurut para petani dari Rt 07 dan 08 yang diwakili juru bicaranya Bustami dan Ketua Rt 08 Amir, Sabtu (06/03/2004) mengatakan, Kades MHK dan Ketua Kelompok Tani Kesadaran Kita setempat, RZ, didesak warganya lengser dari jabatannya karena diduga menggelapkan uang para petani sebesar 16,69 juta rupiah ditambah dengan uang penjualan ternak kerbau sebesar 5,7 juta Rupiah.</P>
<P>Kedua perwakilan warga itu menyebutkan, mereka telah mengadukan kasus itu ke lembaga-lembaga terkait yang ada di desa itu. Namun, hingga kini tidak ada penyelesaian kasus tersebut. Bahkan, katanya, Badan Perwakilan Desa (BPD) pun seperti tidak perduli terhadap masalah yang dihadapi para petani setempat.</P>
<P>Ditambahkan, tanpa dana yang diselewengkan oknum MHK dan RZ itu, membuat para petani dalam melakukan aktivitas pertaniannya. Kata Bustami dan Amir menambahkan, penyelewengan uang para petani itu berawal sejak desa mereka terpilih menjadi salah satu proyek pembangunan ekonomi masyarakat desa penyangga Taman Nasional Bukit Duabelas (TNBD), dalam bentuk pembangunan hutan rakyat pada lahan terlantar.</P>
</TEXT>
</DOC>
