<DOC>
<DOCNO>indosiar080304</DOCNO>
<TITLE>	Presiden Resmikan Peternakan Sapi Dan Agrobisnis </TITLE>
<AUTHOR> Agus Hermanto/Alb	</AUTHOR>
<DATE>	8/3/2004	</DATE>
<TEXT>
<P>indosiar.com, Demak - Presiden Megawati Soekarno Putri kemarin (Minggu 7/3), meresmikan kawasan agro bisnis dan peternakan sapi di kabupaten Demak, Jawa Tengah. Ribuan warga menyambut hangat kedatangan presiden, sepanjang jalan menuju lokasi.</P>
<P>Kehadiran Presiden Megawati dikawasan agrobisnis peternakan sapi di desa Brambang, kecamatan Karang Ngawen, kabupaten Demak, Jawa Tengah didampingi Menperindag Rini Soewandi, Menteri Pertanian Bungaran Saragih, Gubernur Jawa Tengah, Mardianto serta sejumlah pejabat lainnya termasuk Dirjen Pajak, Hadi Purnomo.</P>
<P>Kehadiran presiden di kota Wali ini disambut, Bupati Endang Setya Ninggah beserta ribuan warga masyarakat yang mengeluh-eluhkan Mega di pinggir jalan menuju ke lokasi.</P>
<P>Kawasan agro bisnis penggemukan sapi milik pemda setempat yang diresmikan Presiden Megawati Soekarno Putri ini, berada di areal tanah dua hektar dengan nilai investasi Rp 3,2 Milyar. Tempat ini sedikitnya dikembangkan usaha penggemukan 500 ekor sapi, sebagian dikelola dengan sistem bagi hasil bersama petani.</P>
<P>Presiden dalam kesempatan tersebut juga menandatangani sejumlah proyek baru diantaranya kantor pelayanan pajak kabupaten Demak, serta peresmian videotron Dirjen pajak yang dibangun di Semarang.</P>
</TEXT>
</DOC>
