<DOC>
<DOCNO>indobic130504-001</DOCNO>
<TITLE>	Studi Co Eksistensi GMO di Eropa	</TITLE>
<AUTHOR></AUTHOR>
<DATE>	13/05/2004	</DATE>
<TEXT>
<P>Lembaga Riset Teknik Agronomi (IRTA) di Lleida, Catalonia, Spanyol, mempresentasikan studi pertama Eropa mengenai coeksistensi modifikasi genetika (GM) pada akhir Maret lalu. Hasil penemuan ini berdasarkan pada hasil praktek di lapangan percobaan jagung yang telah ditanam di tahun 2003. Dalam percobaan lapangan ini, para peneliti mengobservasi interaksi di antara jagung-Bt varietas Compa CB (Bt 176) dan isogenik jagung konvensional varietas Brasco.</P>
<P>Dari hasil riset menunjukkan bahwa sebuah jarak separasi 25 meter antara lahan tanaman GM dan no-GM dinyatakan cukup untuk memastikan bahwa kandungan transgenik hasil konvensional ditetapkan dibawah ambang 0.9%, sesuai dengan standar labelisasi Komisi Eropa (European Commision) untuk kandungan GM. Walaupun demikian, yang direkomendasikan untuk keamanan jarak cukup valid hanya untuk luas area di atas satu hektar.</P>
<P>Di lahan yang lebih kecil, dan dalam area kultivasi GM yang secara langsung berdekatan dengan tanaman konvensional, ambang labelisasi EC dilampaui, khususnya daerah yang sering diterpa angin besar. Ini juga di observasi dalam sebilah lahan hingga lebarnya 10 meter antara lahan GM dan jagung non-GM. Walaupun demikian, dampaknya diharapkan berkurang di lapangan yang lebih dari satu hektar.</P>
<P>Artikel ini secara lengkap dipublikasikan di the European Biotechnology Science  Industry News, 3(4), (2004), atau dapat di download di http://www.biocom.de/english/ebn-index.htm</P>
</TEXT>
</DOC>
