<DOC>
<DOCNO>indosiar010504</DOCNO>
<TITLE>Ratusan Hektar Bawang Rusak Diserang Ulat</TITLE>
<AUTHOR>Tim Liputan/Alb</AUTHOR>
<DATE>1/5/2004</DATE>
<TEXT>
<P>indosiar.com, Jawa Tengah - Ratusan hektar tanaman bawang merah di Tegal Jawa Tengah, gagal panen karena rusak di serang hama ulat. Selian hasil panen menurun para petani juga kesulitan membasmi hama ulat yang menyebar sangat cepat.</P>
<P>Setelah beberapa waktu lalu para petani bawang di Brebes Jawa Tengah merugi karena tanamannya diserang hama ulat, kini para petani bawang di Tegal mengalami hal yang sama. Namun serangan hama ulat yang terjadi kali ini tergolong lebih ganas. Pasalnya selain penyebarannya sangat cepat, hama ini menyerang bagian daun hingga ke akar, mengakibatkan bawang yang baru berumur 20 hari daunnya mengering serta umbi bawang kerdil dan rusak.</P>
<P>Menurut para petani hama ulat yang sering disebut moler ini, mulai muncul sekitar awal bulan April lalu. Semula hama ini hanya menyerang setengah hektar lahan bawang, milik salah satu petani di kecamatan Marga Dana. Namun dalam beberapa hari hama ini telah menular keseluruh lahan bawang di Tegal. Cepatnya penularan hama ini menurut petani karena penyebarannya melalui angin.</P>
<P>Slamet, petani bawang asal Kabupaten Kalinyamat mengatakan, kini paling tinggi ia hanya memanen 2 ton perhektar, padahal sebelum muncul serangan hama ini ia mampu memanen 5 ton perhektar.</P>
<P>Menurut para petani hama moler ini pernah muncul tahun lalu, meski demikian hingga kini belum ditemukan obat yang mampu membasmi hama ini. Menghadapi serangan hama ini para petani hanya bisa pasrah dan mengunakan obat seadanya untuk menjaga menularnya hama tersebut. Para petani berharap pihak terkait seperti Dinas Pertanian segera membantu petani mengatasi serangan hama ini agar kerugian yang diderita tidak bertambah besar.</P>
</TEXT>
</DOC>
