<DOC>
<DOCNO>indosiar060204</DOCNO>
<TITLE> Pupuk Langka, Masa Panen Terancam Mundur </TITLE>
<AUTHOR> Eliza Amanda dan Damar Galih/Sup	</AUTHOR>
<DATE>	6/2/2004	</DATE>
<TEXT>
<P>indosiar.com, Tangerang - Para petani di Tangerang, Banten, belakangan mengeluh sulit mendapat pupuk akibat langkanya persediaan di agen-agen pengecer. Situasi ini dikhawatirkan bisa berimbas terhadap mundurnya masa panen.</P>
<P>Menyusul adanya kelangkaan pupuk dibeberapa wilayah, para petani di daerah Mauk Tangerang, mengaku kesulitan mendapatkan pupuk sejak bulan lalu. Kesulitan itu disebabkan tidak adanya persediaan pupuk di agen pengecer.</P>
<P>Salah seorang petani mengatakan, ia terpaksa meminjam pada tengkulak dengan bunga pinjaman yang tinggi atau memberikan hasil panennya. Menurut Margono, terlambatnya pemupukan bisa merusak padi dan menyebabkan mundurnya masa panen.</P>
<P>Kasubdin Produksi Dinas Pertanian Kabupaten Tangerang, Hari Widodo mengatakan, pada bulan Januari ini kebutuhan pupuk di Kabupaten Tangerang yang hampir 60 persen terdiri dari lahan pertanian mengalami peningkatan sampai enam kali lipat.</P>
<P>Menurut Hari, stok pupuk Sri Wijaya ke Tangerang, yang semula seribu limapuluh ton melonjak menjadi enam ribu duaratus lima puluh ton. Agen pengecer pupuk Sri Wijaya mengakui, langkanya pupuk di Mauk dalam sebulan belakangan ini. Baru seminggu ini stok kembali ada, namun persediaanya terbatas.</P>
<P>Harga pupuk di pasaran melonjak seharga 1500 rupiah per kilogram dari sebelumnya seharga seribu limapuluh rupiah perkilo.</P>
</TEXT>
</DOC>
