<DOC>
<DOCNO>indosiar031203	</DOCNO>
<TITLE>	643,13 Hektar Lahan Pertanian di Jambi Rusak	</TITLE>
<AUTHOR>  RS Manihuruk/Tom	</AUTHOR>
<DATE>	3/12/2003 </DATE>
<TEXT>
<P>indosiar.com, Jambi - Dalam kurun waktu satu tahun terakhir ini tercatat 643,13 hektar lahan pertanian rusak akibat banjir, 356,5 hektar tanaman padi gagal panen, dan 286,63 hektar diantaranya mengalami puso.</P>
<P>Kepala Dinas Pertanian dan Tanaman Pangan Provinsi Jambi, Ir Yosrizal Burhan, Selasa (02/12/2003), menyatakan sekitar 643,13 hektar lahan pertanian di 3 kabupaten dalam Kota Jambi mengalami kerusakan yang cukup parah.</P>
<P>Bencana banjir yang terjadi di Provinsi Jambi sejak 10 April hingga November 2003, telah mengakibatkan kerusakan tananam padi seluas 643,13 hektar, dengan kerugian mencapai 1 milyar rupiah. Dari catatan Dinas Pertanian dan Tanaman Pangan Provinsi Jambi, rusaknya tanaman pertanian akibat banjir yang terjadi pada tanaman padi, cabe, kacang tanah, dan jeruk.</P>
<P>Hal itu terjadi di 6 kecamatan yang ada di Kabupaten Kerinci, seperti tanaman padi seluas 11,87 hektar tergenang air, dan sebanyak 148 hektar mengalami puso. Sedangkan di Kabupaten Bungo terdapat di Kecamatan Sepenggal, dari tanaman padi seluas 271,5 hektar yang mengalami puso sebanyak 0,003 hektar, kacang tanah seluas 325 hektar yang mengalami puso seluas 28 hektar. Sementara tanaman cabe, dari luas 8,25 hektar yang terkena banjir dan mengalami puso seluas 0,2 hektar.</P>
<P>Sementara di Kabupaten Tebo terdapat 2 kecamatan, masing-masing tanaman padi dari 849 hektar, yang terkena banjir seluas 150 hektar, dan yang mengalami puso seluas 138 hektar. Sedangkan di Kota Jambi terdapat di kecamatan Telanai Pura, yakni tanaman jeruk sebanyak 65,79 hektar terkena banjir.</P>
<P>Menurut Yosrizal, tanaman pertanian seperti padi, cabe, kacang tanah, maupun jeruk, yang terkena banjir pada umumnya berumur 7 hingga 105 hari musim tanam. Dinas Pertanian dan Tanaman Pangan Provinsi Jambi masih terus berusaha menanggulangi tanaman pangan tersebut, dengan bekerja sama dengan Dinas Pertanian setempat.</P>
</TEXT>
</DOC>
