<DOC>
<DOCNO>indosiar150104-001</DOCNO>
<TITLE>	Pemerintah Hentikan Sementara Import Beras	</TITLE>
<AUTHOR> Sudraajat dan Herman Worotikan/Alb	</AUTHOR>
<DATE>	15/1/2004	</DATE>
<TEXT>
<P>indosiar.com, Jakarta - Pemerintah menutup sementara keran import beras mulai Januari ini, hingga enam bulan kedepan. Kebijakan itu dilakukan agar harga gabah naik sehingga dapat meningkatkan pendapatan petani.</P>
<P>Selama enam bulan mulai Januari hingga Juni 2004 ini, pemerintah akan menghentikan sementara import beras. Kebijakan pemerintah yang dikeluarkan oleh Menteri Perindustrian dan Perdagangan ini, disambut baik oleh Menteri Pertanian, Bungaran saragih, saat memberi penghargaan ketahanan pangan 2003 di Istana Negara, oleh Presiden Megawati Soekarnoputri.</P>
<P>Menurut Menteri Pertanian, pihaknya telah berkoordinasi dengan Menperindag, mengenai hal ini. Langkah pemerintah ini adalah untuk membantu petani, agar saat panen raya bulan Februari hingga April, harga gabah meningkat.</P>
<P>Keputusan ini menurut Bungaran sekaligus untuk mengantisipasi, menurunnya harga gabah saat panen tiba.</P>
</TEXT>
</DOC>
