<DOC>
<DOCNO>indosiar150104-002</DOCNO>
<TITLE>	Volume Ekspor Kakao Sulteng Anjlok	</TITLE>
<AUTHOR>  Syamsuddin Idh	</AUTHOR>
<DATE>	15/1/2004 	</DATE>
<TEXT>
<P>indosiar.com, Palu. Turunnya volume ekspor kakao Sulawesi Tengah saat ini disebabkan anjloknya harga dan mutu kakao. Anjloknya mutu kakao itu selain karena factor cuaca juga akibat hama penggerek buah kakao atau PBK yang menyerang lahan kakao di hampir semua kabupaten di Sulteng.</P>
<P>Demikian diungkapkan Ketua Asosiasi Kakao Indonesia (Askindo) Sulteng H Herman Agan kepada wartawan kemarin. Jika kondisi tersebut tidak diantisipasi secepatnya, lanjut Herman, maka pemerintah akan kehilangan ekspor kakao senilai USD30 juta per tahunnya. Sangat disayangkan mengingat Indonesia merupakan pengekspor kakao terbesar kedua di dunia setelah negara Pantai Gading,ujarnya.</P>
<P>Disebutkan, volume ekspor kakao Sulteng selama tahun 2003 hanya mencapai 83.780 ton. Itu berarti mengalami penurunan sekitar sepuluh persen dibanding tahun sebelumnya yang mencapai 88.220 ton. Ia mengakui kalau penurunan yang berdampak pada anjloknya harga kakao itu karena dua factor utama yakni cuaca dan hama penggerek batang.</P>
<P>Ditekankan untuk meningkatkan kembali produktivitas kakao di Sulteng, pihaknya telah memberikan bantuan berupa bibit kakao sebanyak 500 ribu pohon kepada para petani secara cuma-cuma.</P>
<P>Untuk mengantisipasi factor cuaca, kata Herman, memang agak sulit namun untuk hama PBK,pihaknya telah menerapkan system kondomisasi. Hanya saja program kondomisasi tidak berjalan optimal karena membutuhkan biaya yang cukup besar.</P>
<P>Herman mengharapkah pemerintah provinsi Sulteng agar mengarahkan pembangunan yang menitikberatkan pada bidang pertanian dan kehutanan,yang mencakup di dalamnya sector perkebunan.</P>
<P>Sementara itu, eksportir kakao asal Kota Palu, Jeffry Jiadi mengakui kalau volume ekspor kakao Sulteng akhir-akhir ini mengalami penurunan akibat kualitasnya yang turut menurun. Namun demikian, kata Jeffry, permintaan akan hasil komoditas andalan Sulteng itu tetap ada. Disebutkan, selama ini kakao Sulteng diekspor ke beberapa negara seperti Malaysia dan Amerika Serikat.</P>
</TEXT>
</DOC>
