<DOC>
<DOCNO>indobic130504-002</DOCNO>
<TITLE>	Workshop Pelepasan Tanaman Transgenik di Kenya	</TITLE>
<AUTHOR></AUTHOR>
<DATE>	13/05/2004	</DATE>
<TEXT>
<P>Kemajuan transformasi gen dari kelompok konsultatif dalam Riset Pertanian Internasional pusat (Consultative Group in International Agricultural Research) bertemu di Nairobi, Kenya baru-baru ini untuk mendiskusikan transfer gen dan pelepasan tanaman, sebuah sub-program dari program tantangan generasi Bank Dunia (World Banks Generation Challenge Program) yang memfokuskan pada pelepasan varietas tanaman di negara berkembang. Kordinator workshop, Dr. Marc Ghilain, kepala Molekular Biologi Laboratorium Pelepasan Tanaman dan Departemen Sumber Genetik di Pusat Kentang Internasional di Lima, Peru, mengungkapkan bahwa sub-program akan memungkinkan perusahaan benih untuk membaca lebih lanjut berbagai teknik pembenihan pada tanaman target.</P>
<P>Dr. Ghilain menambahkan bahwa objektif program tantangan ini adalah untuk membawa bersama-sama dalam pusat CGIAR dan sektor publik untuk berbagi sumber, ide, dan informasi pada proyek mereka untuk mengurangi duplikasi dari upaya dan langkanya sumber. Ia menambahkan bahwa tugas utama dari program ini adalah untuk membawa negara miskin menuju keamanan pangan melalui jalur lain dari Revolusi Hijau. Berkenaan dengan Dr. Robert Zeigler, Direktur Program Tantangan Generasi, aktivitas program akan menghabiskan dana sekitar 12.5 juta dolar US setiap tahunnya. Pendanaan sebagian besar datang dari Bank Dunia, Persemakmuran Eropa, dan CGIAR.</P>
<P>Program ini mempunyai lima komponen, yaitu: genetik, keanekaragaman secara global, sumber-sumber genetik; perbandingan genomik untuk penelurusan gen; transfer gen dan pelepasan tanaman; genomik dan sistem informasi tanaman; dan pengembangan kapasitas (capacity building). Program ini menggabungkan sebuah teknologi transfer tanaman untuk memastikan bahwa produk riset dapat digunakan oleh petani.</P>
<P>Program ini mengikutsertakan tiga lembaga yang masing-masing memiliki latar belakang yang berbeda, yaitu: CGIAR, sebagai lembaga yang memiliki informasi keanekaragaman tanaman yang berguna bagi kehidupan manusia dan memiliki keahlian dalam riset molekular dan program pembenihan; Sistem Riset Pertanian Nasional untuk Negara-Negara Berkembang, membawa keahlian dalam penilaian dan pembenihan tanaman dibawah kondisi khusus, dengan partisipasi dari para petani; Advanced Research Institutes untuk mengembangkan teknik baru dan strategi untuk pengkodean keanekaragaman genetik. Kenya Biotechnology Information Center (KBIC)</P>
</TEXT>
</DOC>
