<DOC>
<DOCNO>indosiar180304</DOCNO>
<TITLE>10 Ribu Hektare Lahan Tidur di Jambi Terbengkalai</TITLE>
<AUTHOR> RS Manihuruk/Idh </AUTHOR>
<DATE> 18/3/2004 </DATE>
<TEXT>
<P>indosiar.com, Jambi. Sedikitnya 10.110 hektare lahan tidur yang potensial dikembangkan menjadi areal pertanian tanaman pangan di Kabupaten Muarojambi hingga kini belum dimanfaatkan, karena sulitnya dana dan miskinnya sarana dan prasarana pertanian.</P>
<P>Sekretaris Daerah (Sekda) Pemerintah Kabupaten (Pemkab) Muarojambi H Muchtar Muis SH mengatakan, luas pertanian  tanaman pangan di Kabupaten Muarojambi, saat ini baru sekitar 6.320 hektare atau sekitar 38,47 persen dari potensi areal tanaman pangan sekitar 16.430 hektare.  Sedangkan luas areal tanaman padi di daerah itu sekitar 4.753 hektare dengan produksi padi sekitar 15.173 ton.</P>
<P>Produksi padi tersebut belum mampu memenuhi kebutuhan beras penduduk daerah itu yang mencapai 21.000 ton per tahun. Karena itu sampai sekarang daerah itu masih mendatangkan beras dari luar daerah. Baik dari Kota Jambi, kabupaten atau provinsi lain, ujarnya.</P>
<P>Di tengah kesulitan dana, sarana dan prasarana pembangunan pertanian tanaman pangan tersebut, pihaknya terus berupaya mengatasi kekurangan pangan tersebut dengan memanfaatkan lahan tidur untuk kawasan pertanian tanaman pangan.</P>
<P>Di Kecamatan Kumpeh Ilir dan Ulu sejak tahun lalu sudah dikembangkan sekitar 2.450 hektare lahan tidur menjadi areal tanaman jagung. Luas areal yang berhasil dipanen sekitar 1.700 hektare dengan produksi sekitar 9.520 ton.</P>
<P>Sementara itu petani Desa Sungai Duren, Harun Alrasyid dalam dialog dengan Dirjen Bina Produksi Tanaman Pangan mengatakan, kesulitan petani untuk menggarap lahan tidur menjadi sawah terletak pada keterbatasan modal. Baik itu modal pengolahan lahan, pengadaan benih, pupuk dan kerusakan sarana irigasi.</P>
<P>Di desa tersebut terdapat sekitar 350 hektare areal rawa  lebak yang potensial dimanfaatkan menjadi sawah. Namun luas areal tersebut yang baru dapat digarap menjadi sawah baru sekitar 110 hektare. Sedangkan sekitar 240 hektare masih terlantar.</P>
<P>Menurut Harun Alrasyid, pengelolaan sawah di desa itu juga sulit karena selalu terkena bencana alam. Ketika musim hujan, lahan pertanian petani terkena banjir. Sedangkan musim kemarau puso akibat kekeringan. Hal tersebut disebabkan tidak berfungsinya saluran irigasi di desa tersebut.</P>
<P>Saluran irigasi di areal persawahan petani desa ini lebih rendah dari sawah sehingga air tidak bisa mengalir ke sawah. Pintu air juga tidak berfungsi sehingga setelah hujan datang, air yang ada di sawah langsung mengalir ke sungai. Jadi petani di desa ini bingung, ujarnya.</P>
<P>Banjir yang menghantam desa tersebut Desember 2003 lalu mengakibatkan petani gagal panen. Ketika petani mau menanam kembali awal tahun ini, curah hujan tinggi dan banjir mengancam. Akibatnya petani menunda musim tanam. Padahal saat ini para petani di desa tersebut seharusnya sudah memasuki musim panen.</P>
</TEXT>
</DOC>
