<DOC>
<DOCNO>indosiar020304</DOCNO>
<TITLE>	Tangani Flu Burung, FAO Berikan Bantuan	</TITLE>
<AUTHOR>  Albertus Bembot/Tom	</AUTHOR>
<DATE>	2/3/2004	</DATE>
<TEXT>
<P>indosiar.com, Jakarta - Food and Agriculture Organization (FAO) melalui direkturnya untuk Asia Sukashi Kimoto, Selasa (02/03/2004), melakukan penandatanganan Memorandum of Understanding (MoU) dengan pemerintah Indonesia melalui Departemen Pertanian (Deptan).</P>
<P>MoU tersebut merupakan bentuk dari perhatian FAO untuk penanggulangan flu burung di Indonesia. Deptan diwakili oleh Sekretaris Jenderal Deptan Memed Gunawan. Dalam MoU tersebut, FAO memberikan bantuan sebesar US $ 390 ribu, antara lain dalam bentuk konsultan, bantuan fisik untuk diteruskan ke beberapa daerah yang terkena flu burung.</P>
<P>Menurut Memed Gunawan, selain bantuan dari FAO, pemerintah Indonesia juga telah melakukan perjanjian kerjasama dengan beberapa negara, seperti Jepang, Amerika Serikat, dan Australia. Deptan sendiri telah menyiapkan dana sebesar Rp 1,7 trilyun untuk disalurkan bagi kredit pengusaha kecil.</P>
<P>Sampai saat ini, ada beberapa pengusaha mengaku telah mengajukan kredit. Kredit tersebut ditetapkan minimal pencairannya sebesar Rp 50 juta sampai dengan Rp 500 juta. Sementara itu, uang ganti bagi peternak ayam yang menjadi korban flu burung, hingga kini belum ada yang disalurkan.</P>
<P>Hal ini menurut Memed, disebabkan karena belum adanya klaim dari masyarakat untuk ganti rugi sebesar Rp 5 ribu per ekor ayam. Memed menjelaskan bahwa bantuan Deptan sebesar Rp 215 milyar, dan sampai saat ini dana tersebut juga belum dicairkan, walaupun bantuan tersebut sudah dikaji di DPR. Dan Deptan sendiri belum mengetahui kapan bantuan dari pemerintah tersebut dicairkan.</P>
</TEXT>
</DOC>
