<DOC>
<DOCNO>indosiar050704-002</DOCNO>
<TITLE>Ratusan Areal Pertanian di Jambi Terendam Banjir </TITLE>
<AUTHOR>RS Manihuruk</AUTHOR>
<DATE>Senin, 5 Juli 2004  </DATE>
<TEXT>
<P>indosiar.com, Jambi- Sekitar 172 hektare areal pertanian buah-buahan dan tanaman pangan di Kota Jambi terendam banjir, akibat terus meluapnya Sungai Batanghari. Meluapnya Sungai Batanghari tersebut juga membuat ratusan rumah mulai terisolir karena air merendam halaman rumah.</P>
<P>Pantauan indosiar.com di lapangan, Selasa (16/03/2004), areal pertanian yang terendam berada di Kelurahan Penyengat Rendah, Teluk Kenali  dan Aur Duri, Kecamatan Telanaipura. Akibat banjir tersebut, para petani gagal tanam.  Ratusan hektare tanaman jeruk petani yang puso akibat banjir Desember 2003 lalu tidak bisa ditanami kembali karena areal kebun jeruk tersebut tergenang air. Banjir tersebut juga membuat para petani tidak bisa menanami lahan mereka tanaman jagung dan padi.</P>
<P>Meningkatnya permukaan Sungai Batanghari menjadi sekitar 12,90 meter hingga Selasa (16/3) membuat ratusan rumah warga terisolir. Rumah warga yang terisolir terdapat di Kelurahan Legok. Akibat halaman rumah warga terendam banjir hingga ketinggian satu meter, warga terpaksa naik perahu untuk bepergian keluar rumah. Namun banjir tersebut belum mengganggu aktivitas warga, karena genangan air masih sekitar satu meter di bawah rumah-rumah panggung mereka.</P>
<P>Kemudian naiknya permukaan Sungai Batanghari itu juga mulai menggenangi halaman rumah warga di Kelurahan Buluran dan Danau Sipin. Bahkan di Kelurahan Danau Sipin, ketinggian air hanya sekitar 50 Cm lagi menyentuh badan jalan.</P>
<P>Warga kelurahan tersebut khawatir banjir akan kembali melanda daerah mereka karena curah hujan masih tetap tinggi. Sampai Selasa subuh, hujan deras masih mengguyur Kota Jambi. Bila hujan turun tiap hari seperti kondisi dua pekan belakangan ini, diperkirakan banjir akan kembali melanda kota tersebut.(</P>
</TEXT>
</DOC>
