<DOC>
<DOCNO>indosiar110304</DOCNO>
<TITLE>Pemprov Jambi Diminta Bantu Biaya Sertifikasi Lahan Petani</TITLE>
<AUTHOR>kontributor : RS Manihuruk/Idh</AUTHOR>
<DATE>11/3/2004 </DATE>
<TEXT>
<P>indosiar.com, Jambi - Himpunan Kerukunan Tani Indonesia (HKTI) dan Kontak Tani Nelayan Andalan (KTNA) Provinsi Jambi meminta pemerintah provinsi (pemprov) Jambi membantu biaya sertifikasi  lahan  petani, guna mengatasi masalah banyaknya lahan petani di daerah itu yang hingga kini belum memiliki sertifikat.</P>
<P>Menurut Ketua Dewan Pimpinan Daerah (DPD) HKTI  Provinsi Jambi Ir H Nasrun Arbain MSi, banyaknya areal pertanian dan perkebunan petani di Jambi yang tidak memiliki sertifikat hak milik merupakan masalah krusial yang dihadapi para petani di daerah itu. Tidak adanya sertifikat lahan pertanian itu membuat para petani  sering mengalami konflik  lahan dengan para pengusaha. Selain itu, tidak adanya sertifikat lahan mengakibatkan para  petani sulit mendapatkan akses pinjaman modal ke lembaga perbankan.</P>
<P>Saat ini, masih banyak areal pertanian milik petani kecil di daerah itu yang tidak memiliki sertifikat disebabkan  tidak adanya biaya petani untuk mengurus sertifikat tersebut. Karena itulah Pemprov Jambi, pemerintah  kabupaten dan kota  diharapkan memberikan  pinjaman kepada  petani untuk biaya pengurusan sertifikat lahan  pertanian tersebut.</P>
<P>HKTI Jambi juga meminta pemerintah daerah lebih serius mengatasi masalah kesulitan petani memasarkan hasil-hasil  pertanian mereka. Pemerintah daerah harus mampu memberikan jaminan pemasaran hasil pertanian didaerah tersebut agar harga hasil pertanian tidak anjlok di musim panen raya.</P>
</TEXT>
</DOC>
