<DOC>
<DOCNO>indosiar040903	</DOCNO>
<TITLE>	4000 Hektar Sawah di Lampung Terancam Fuso	</TITLE>
<AUTHOR> Idh 	</AUTHOR>
<DATE>	 4/9/2003	</DATE>
<TEXT>
<P>indosiar.com, Lampung - Sekitar 4000 sawah di Kabupaten Lampung Utara, terancam puso atau gagal panen. Hal ini akibat ditutupnya pintu air waduk Wai Raren, yang selama ini menjadi sumber pengairan.</P>
<P>Kekeringan yang melanda Kabupaten Lampung Utara ini, telah terjadi sejak tiga bulan lalu. Data dinas pertanian setempat menyebutkan areal 150 hektar sawah di Lampung Utara telah terkena puso atau gagal panen. Lahan padi yang mengalami puso di Lampung Utara ini, diperkirakan akan terus bertambah menyusul penutupan pintu waduk Wai Raren, yang mengaliri sekitar 4000 hektar sawah.</P>
<P>Para petani berharap ada bantuan suplai air, jika tidak mereka akan mengalami kerugian yang besar.</P>
<P>Kepala Balai Pengelolaan Sumber Daya Lampung Utara, Rustam Effendi mengatakan penutupan pintu irigasi ini, untuk mengantisipasi keterlambatan musim tanam mendatang.</P>
<P>Pihak Balai Pengelolaan Sumber Daya Air mengharapkan agar petani menggunakan air seefisien mungkin dengan melakukan pompanisasi.</P>
</TEXT>
</DOC>
