<DOC>
<DOCNO>indosiar030903</DOCNO>
<TITLE>	Keramba Apung Danau Toba	</TITLE>
<AUTHOR>  Idh	</AUTHOR>
<DATE>	 3/9/2003	</DATE>
<TEXT>
<P>Reporter : Yulia Hendrika Bulo</P>
<P>Cameraman : Mugi Wiyono</P>
<P>indosiar.com, Sumut - Potensi wisata Danau Toba, memang tak terpungkiri. Namun krisis ekonomi dan tragedi bom di kota Medan, sekitar tahun 2000, merupakan awal kehancuran pariwisata di danau ini. Sementara, usaha pertanian juga tidak bisa diharapkan warga setempat yang sebagian bekerja sebagai petani.</P>
<P>Pada saat itulah, masyarakat di sekitar danau mulai melirik budidaya keramba ikan apung. Sesungguhnya, pertanian ikan keramba apung di danau tektonik ini, sudah ada sejak tahun 1980-an. Namun saat itu tidak banyak yang tertarik.</P>
<P>Salah satu usaha keramba tradisional di Danau Toba yang berkembang sangat pesat, ada di Kelurahan Haranggaol, Kecamatan Purba, Kabupaten Simalungun Utara. Daerah ini sebelumnya terkenal sebagai penghasil pisang ambon dan bawang putih terbesar di Sumatera Utara. Namun kini pertanian bawang putih sudah mulai ditinggalkan, karena terlalu banyak risiko yang harus dihadapi petani. Seperti lahan yang tidak lagi subur, serangan hama, dan kesulitan mendapat air di musim kemarau.</P>
<P>Kini, Haranggaol menjadi pemasok ikan air tawar terbesar di Sumatera Utara. Seiring dengan semakin menggeliatnya perekonomian petani keramba, maka bermunculanlah petani baru, yang turut tergiur dengan keuntungan yang ditawarkan.</P>
<P>Potensi budidaya keramba ikan dengan sistem jaring apung di Danau Toba, ternyata juga dilirik investor asing. Keramba mereka bahkan mencapai lebih dari seribu petak, yang tersebar di empat lokasi, terletak di dua kabupaten. Sekitar dua puluh tujuh ton ikan nila putih, dihasilkan setiap harinya, dan dikirim ke pasar mereka di Eropa, Amerika Serikat dan Korea.</P>
<P>Keuntungan bisnis keramba memang menggiurkan. Tapi budidaya ini juga memerlukan kesabaran dan keuletan. Diantaranya jika pergantian musim tiba, maka keberadaan ikan keramba terancam oleh berbagai jenis penyakit ikan yang menimbulkan kematian dalam jumlah besar.</P>
<P>Di sisi lain, perkembangan keramba Danau Toba yang pesat, kini menghadirkan polemik bagi warga di sekitar Danau Toba, yang mayoritas Suku Batak. Mereka percaya, tujuh dewi leluhur mereka, atau 'namborru', yang mendiami Danau Toba, menuntut Danau Toba dijaga kelestariannya. Dan keramba merupakan salah satu ancaman bagi kelestarian danau elok ini. Kerusakan Danau Toba mengakibatkan namboru marah, dan akibatnya rakyat di sekitar Danau Toba akan menuai bencana, seperti hujan lebat, atau rusaknya lahan pertanian mereka. Bencana yang saat ini tengah mereka rasakan.</P>
<P>Segmen 2</P>
<P>Para petani keramba tak memungkiri, usaha keramba yang mereka budidayakan mencemari Danau Toba. Apalagi jenis keramba ikan mas, yang jenis makanannya pakan tenggelam. Selalu ada residu makanan yang tenggelam dan mencemari danau. Ditambah lagi keramba ikan nila yang diberi pakan apung.</P>
<P>Oleh karenanya, kehadiran keramba apung Danau Toba, dikeluhkan kalangan pecinta Danau Toba yang menghendaki danau tektonik terluas di Indonesia ini tetap perawan. Apalagi keramba ikan nila dan ikan mas ini menghasilkan sampah organik, yang berasal dari kotoran ikan dan sisa makanan yang tidak termakan. Sebagian limbah memang tenggelam di danau berkedalaman ratusan meter ini, namun berpotensi menyimpan bencana di kemudian hari.</P>
<P>Keberadaan tanaman enceng gondok, yang sengaja ditanam petani ikan tradisional di sejumlah sudut Danau Toba, juga berpotensi mengganggu keindahan dan kelestarian danau. Meski demikian, para pengusaha keramba berlindung dibalik dalih, Danau Toba adalah milik mereka juga yang bisa mereka kembangkan.</P>
<P>Sayangnya, tidak semua keramba ikan yang dikembangkan masyarakat Kabupaten Simalungun, Toba Samosir, dan Tapanuli Utara ini, mematuhi Peraturan Daerah Nomor 1 Tahun 1990 tentang tata ruang kawasan Danau Toba. Keramba ikan yang mereka usahakan tidak lagi hanya di zona budi daya, tapi juga memasuki zona pelestarian. Parahnya, sejak awal, tidak ada sanksi bagi mereka yang melanggar aturan tersebut.</P>
<P>Keramba di Haranggaol misalnya, merupakan keramba ikan yang paling pesat perkembangannya. Petani keramba baru dengan bebas menanam jaring mereka. Memang tidak ada yang mengharuskan mereka mengurus perijinan. Tapi hasilnya, pinggiran Danau Toba di kawasan ini tampak kumuh oleh keramba petani yang tersebar tak beraturan, dan kualitas air danau semakin memburuk.</P>
<P>Pencemaran Danau Toba memang bukan karena keberadaan keramba apung semata. Limbah ternak babi, pulp, dan maraknya penginapan di kawasan wisata ini turut pula menyumbang tercemarnya alam Toba. Rasa syukur warga di sekitar Danau Toba, karena dikaruniai danau yang indah dan kaya oleh Sang Pencipta, selayaknyalah diwujudkan dengan bijaksana. Kelestarian anugrah ilahi ini sudah seharusnya dijaga bersama, karena pada akhirnya pada Danau Toba ini pula nafkah mereka bergantung.</P>
</TEXT>
</DOC>
