<DOC>
<DOCNO>indosiar100304-002</DOCNO>
<TITLE>PT Inhutani V Serahkan Eks HPH</TITLE>
<AUTHOR>kontributor : RS Manihuruk/Idh</AUTHOR>
<DATE>10/3/2004</DATE>
<TEXT>
<P>indosiar.com, Jambi - Menyusul pembubaran PT Inhutani V Jambi, sekitar 115.000 hektare areal hutan eks hak pengusahaan hutan (HPH) beserta  aset-aset lain seperti kantor dan kendaraan dinas, diserahkan  kepada  Pemerintah Provinsi (Pemprov) Jambi.</P>
<P>Areal hutan eks HPH yang  diserahkan  kepada Pemprov Jambi itu berada di tiga satuan pengelolaan hutan (SPH),  yakni SPH Pelepat Pulai Kabupaten Merangin, SPH Batanghari dan Bungotebo serta SPH Pauh Kabupaten Sarolangun.</P>
<P>Penyerahan aset-aset PT Inhutani V Jambi dilakukan Direktur  PT Inhutani V Ir Harry Sancoko kepada Gubernur Jambi Drs H Zulkifli Nurdin di ruang utama kantor Gubernur Jambi. Turut  hadir pada  kesempatan itu  Kepala Dinas  Kehutanan Provinsi Jambi Ir Gatot Moeryanto.</P>
<P>Pengelolaan areal hutan eks HPH  tersebut diserahkan kepada Pemprov Jambi guna mengamankan kawasan itu  dari aksi pencurian  kayu dan penyerobotan  lahan oleh oknum-oknum penduduk sekitar. Setelah  PT Inhutani  V Cabang  Jambi dibekukan, areal eks HPH  tersebut menjadi sasaran empuk pencurian kayu dan penyerobotan lahan.</P>
<P>Menurut Kepala Dinas Kehutanan Provinsi Jambi, areal hutan eks HPH  yang diserahkan PT Inhutani V tersebut  tetap akan dijadikan kawasan pengelolaan hutan. Areal tersebut tidak akan dialihkan menjadi areal  pertanian atau perkebunan. "Namun sampai saat ini, kawasan hutan itu belum bisa dikelola karena kesulitan  modal. Nantinya kawasan hutan itu akan  diserahkan kepada investor untuk dijadikan  hutan taman  industri. Pengelolaan hutan itu harus dilakukan investor karena pemerintah tidak memiliki modal  untuk membangun kembali kawasan hutan yang sudah rusak tersebut," katanya.</P>
<P>Sementara itu, Gubernur Jambi mengatakan selama lima tahun  belakangan, sedikitnya 80.000 hektare atau 80 persen dari 100.000 hektare areal hutan  bekas penebangan 16 perusahaan HPH (Hak  Pengusahaan Hutan) yang dikelola PT  Inhutani V Jambi rusak  berat. PT Inhutani V Jambi tidak  dapat lagi memanfaatkan  hutan yang telah ditinggalkan 11 perusahaan  HPH tersebut, karena kayunya sudah habis dibabat  sebelum  diserahkan  kepada  BUMN  tersebut. Dari 100.000 hektare areal hutan  eks HPH di  daerah itu, kini  hanya dapat dikelola  sekitar 20.000 hektare.</P>
<P>Manfaat hutan  eks HPH  tersebut juga  tidak besar lagi, karena hutan yang tersisa  hanya sedikit. Kemudian  sebagian besar areal  hutan eks HPH tersebut sudah banyak dirambah dan dicuri. Kondisi hutan eks HPH  tersebut semakin parah setelah PT Inhutani V Jambi  dibubarkan. Karena itu Pemprov  Jambi berupaya mengambil alih pengelolaan hutan eks HPH yang dikuasai PT Inhutani V tersebut.</P>
</TEXT>
</DOC>
