<DOC>
<DOCNO>indosiar070604	</DOCNO>
<TITLE>	Argopolitan Tingkatkan Kesejahteraan Petani	</TITLE>
<AUTHOR> Eliza Amanda dan Ahmad Susanto/Sup	</AUTHOR>
<DATE>	7/6/2004	</DATE>
<TEXT>
<P>indosiar.com,Sulawesi Utara - Untuk mendorong kawasan sentra produksi pertanian di desa menjadi kota pertanian atau argopolitan perlu dibangun sarana dan prasarana yang memungkinkan. Sejak 2002, Depkimpraswil mengalokasikan dana sekitar 170 milyar rupiah untuk mengembangkan kawasan tersebut.</P>
<P>Perekonomian masyarakat di Kecamatan Mode Inding, Minahasa Selatan, Sulawesi Utara mulai mengalami peningkatan dengan dikembangkannya kawasan agropolitan. Produksi unggulan seperti kentang dan daun bawang misalnya, sudah di ekspor hingga ke Brunai Darussalam dan Pilipina.</P>
<P>Meningkatnya kinerja dan pendapatan petani Mode Inding ini tidak terlepas dari dukungan Depkimprawil melalui Dirjen Tata Kota dan Desa, dengan membangun jalan usaha tani untuk menghemat biaya pengangkutan.</P>
<P>Departemen Kimprawil melalui Dirjen Tata Kota dan Desa selama 3 tahun sejak tahun 2002, mengalokasikan dana sekitar 170 milyar rupiah untuk mengembangkan kawasan agropolitan.</P>
<P>Menurut Patana Ratedoding, dana tersebut tidak cukup untuk mengembangkan seluruh kabupaten di Indonesia. Pengembangan kawasan agropolitan saat ini baru mencapai 10% dari total kabupaten yang ada di Indonesia.</P>
<P>Pembangunan infrastruktur dikawasan agropolitan akan terus dilakukan di daerah yang potensial. Termasuk dikawasan Timur Indonesia yang masih sedikit terbelakang.</P>
</TEXT>
</DOC>
