<DOC>
<DOCNO>indobic140504-002</DOCNO>
<TITLE>	Perhatian Publik mengenai Bioteknologi	</TITLE>
<AUTHOR></AUTHOR>
<DATE>	14/05/2004	</DATE>
<TEXT>
<P>Ketika kendali tidak cukup memadai untuk mengontrol proses, motivasi dan hasil dari pengembangan aplikasi bioteknologi dan teknologi gen, memungkinkan akan timbul perhatian sebagai upaya untuk pencapaian kepercayaan publik. Perhatian ini mengacu pada Craig Cormick, manajer kesadaran publik (public awareness) dari Australian government agency Biotechnology Australia, yang mengungkapkan lima hal penting yaitu: 1. Informasi  sebuah tingkat pengertian teknologi dan apa yang dapat dan yang tidak dapat  yang harus disediakan sebagai sumber yang dapat dipercaya; 2. Regulasi  sebuah tingkat kepercayaan dimana regulasi yang ada, efektif untuk melindungi kehidupan manusia dan lingkungannya; 3. Konsultasi  sebuah rasa dimana publik memiliki beberapa masukan mengenai pengembangan teknologi; 4. Pilihan konsumen  kemampuan untuk menerima atau menolak setiap aplikasi teknologi; 5. Keuntungan konsumen  keuntungan publik dan masyarakat dari setiap penggunaan aplikasi</P>
<P>Cormick memberi catatan bahwa beberapa aplikasi bioteknologi harus mengacu pada lima kriteria tersebut,  kebijakan publik dan strategi komunikasi harus berdasarkan pada pengertian yang sama tentang gerakan yang menjadi perhatian publik saat ini dan apa yang menjadi kebutuhan untuk dapat dimunculkan sebagai alefiasi perhatian tersebut, Cormick menambahkan. Artikel tersebut berjudul persepsi mengenai dampai bioteknologi di Australia dapat dibaca di Vo. 5, No. 2, 2003, mengenai isu jurnal internasional bioteknologi, atau dapat menghubungi Craig.Cormick@biotechnology.gov.au.</P>
</TEXT>
</DOC>
