<DOC>
<DOCNO>indosiar090104</DOCNO>
<TITLE>	Beberapa Daerah di Jatim dan NTB Rawan Pangan	</TITLE>
<AUTHOR> Gusti Eka Sucahya dan Warsam Aji/Idh	</AUTHOR>
<DATE>	9/1/2004 	</DATE>
<TEXT>
<P>indosiar.com, Jakarta - Departemen Pertanian membenarkan adanya kondisi rawan pangan di sejumlah daerah di Jawa Timur dan Nusa Tenggara Barat. Namun dijelaskan rawan pangan yang dimaksudkan, bukan berarti masyarakat di daerah itu benar-benar kesulitan makan.</P>
<P>Kepala Badan Bimas Ketahanan Pangan Departemen Pertanian, Ahmad Suryana, hari ini (Jumat, 09/01/2004) menyampaikan hasil penelitian kerawanan pangan di dua provinsi yaitu Jawa Timur dan NTB. Ditemukan sejumlah kabupaten didaerah tersebut dalam kondisi rawan pangan. Beberapa kabupaten tersebut antara lain, Bondowoso, Probolinggo, Situbondo, Sampang dan Sumenep, serta Lombok Barat, Lombok Tengah, dan Dompu di NTB.</P>
<P>Namun demikian, Ahmad menegaskan kerawanan pangan ini bukan berarti masyarakat di daerah tersebut benar-benar kesulitan makan. Menurut Ahmad, kerawanan pangan merupakan kondisi ketidakmampuan untuk memperoleh pangan yang cukup dan sesuai standar hidup sehat, baik untuk jangka pendek maupun jangka panjang. Untuk itulah, hasil penelitian ini merupakan indikator untuk meningkatkan kewaspadaan pemda terhadap situasi di wilayahnya.</P>
<P>Lebih jauh Ahmad menegaskan indikator rawan pangan, tidak semata-mata rawannya ketersediaan bahan pangan tetapi juga akibat tingginya jumlah penduduk yang tidak mendapat kesempatan kerja. Tingginya angka penduduk yang buta huruf, banyaknya jumlah balita yang mengalami kurang gizi dan rendahnya akses masyarakat terhadap air bersih.</P>
</TEXT>
</DOC>
