<DOC>
<DOCNO>indosiar071103</DOCNO>
<TITLE>	Harga Sayuran di Jambi, Anjlok	</TITLE>
<AUTHOR>  RS Manihuruk/Tom	</AUTHOR>
<DATE>	7/11/2003	</DATE>
<TEXT>
<P>indosiar.com, Jambi - Ratusan petani sayur mayur di sentral pertanian Desa Lopak Alai, Muaro Jambi, kini menjerit akibat anjloknya harga sayuran di daerah itu. Para petani yang ditemui, Jumat (07/11/2003), mengatakan usaha tani mereka nyaris tidak balik modal akibat anjloknya harga, karena hasil penjualan jauh lebih sedikit dibandingkan modal yang sudah ditanamkan. Menurut para petani, harga terong di desa tersebut hanya sebesar Rp 800,-/kg atau turun dari harga sebelum puasa sebesar Rp 1.500,-/kg. Kemudian harga kacang panjang hanya Rp 500,-/kg atau turun dari harga sebelumnya Rp 1.000/kg. Sementara itu harga timur hanya Rp 500,-/kg, sedangkan harga buncis Rp 1.300,-/kg, dan harga cabe merah keriting Rp 3.000,-/kg.</P>
<P>Sementara itu beberapa petani menyatakan, anjloknya harga sayur mayur itu dipengaruhi berkurangnya permintaan pasar di bulan puasa ini. Sementara para petani saat ini sedang melakukan musim panen. Selain itu, turunnya harga sayur mayur juga disebabkan dengan membanjirnya pasokan sayur dari Sumatera Barat dan Kabupaten Kerinci, untuk Kota Jambi.</P>
</TEXT>
</DOC>
