<DOC>
<DOCNO>indosiar130104</DOCNO>
<TITLE>	Departemen Pertanian Berikan Bantuan 200 Ton Benih Padi	</TITLE>
<AUTHOR> RS Manihuruk/Tom	</AUTHOR>
<DATE>	13/1/2004 	</DATE>
<TEXT>
<P>indosiar.com, Jambi - Departemen Pertanian memberikan bantuan bibit padi sekitar 200 ton kepada korban banjir di Provinsi Jambi. Bantuan tersebut diserahkan oleh Sekretaris Jenderal Departemen Pertanian Dr Ir Memet Gunawan kepada Gubernur Jambi Drs H Zulkifri Nurdin di rumah dinas Gubernur Jambi, Selasa (13/01/2004).</P>
<P>Turut hadir pada kesempatan itu, Direktur Jenderal Departemen Pertanian Rohadian Msc, jajaran dinas pertanian Provinsi Jambi. Menurut Memet, bantuan bibit padi itu baru sebagian kecil dari kebutuhan yang diusulkan oleh Provinsi Jambi.</P>
<P>Bantuan bibit yang setara dengan nilai 600 juta itu diupayakan penambahannya agar kebutuhan benih padi untuk seluruh korban banjir di Provinsi Jambi dapat dipenuhi.</P>
<P>Memet Gunawan mengatakan bantuan benih padi untuk korban banjir perlu segera disalurkan, agar para petani jangan sampai meninggalkan usaha pertaniannya dan beralih menjadi penebang hutan. Penyaluran bantuan itu perlu diawasi supaya tidak terjadi penyelewengan.</P>
<P>Sementara itu, Gubernur Jambi mengatakan jumlah benih padi yang dibutuhkan para korban banjir di daerah itu sekitar 800 ton. Hal ini berarti hingga kini masih terdapat kekurangan sekitar 600 ton bantuan benih padi. Sedangkan bantuan benih jagung juga dibutuhkan sekitar 35 ton dan bantuan kedelai sebanyak 8 ton.</P>
<P>Mengenai dampak banjir terhadap pertanian tanaman pangan, Zulkifri Nurdin mengatakan luas tanaman padi yang mengalami rusak berat atau puso sekitar 20.416 hektar, dan sekitar 20.520 hektar mengalami kerusakan ringan.</P>
<P>Sedangkan tanaman jagung yang rusak berat sekitar 1.200 hektar dan rusak ringan sekitar 12 hektar. Sementara, tanaman kedelai yang rusak berat sekitar 224 hektar dan rusak ringan sekitar 165 hektar.</P>
<P>Menurut Gubernur Jambi, salah satu upaya untuk mencegah beralihnya para petani ke usaha penebang liar, saat ini pihaknya meningkatkan program agropolitan atau pembangunan pertanian yang dikaitkan dengan usaha industri pertanian di beberapa wilayah, seperti Tanjung Jabung Timur, sehingga mereka tidak sampai membuka usaha-usaha penebangan liar dan pertambangan tanpa ijin di alur Sungai Batanghari.</P>
<P>Mengenai kekurangan bantuan, Gubernur Jambi menyatakan pihaknya sudah mengajukan permohonan kembali kepada pemerintah pusat. Sementara itu, upaya penanggulangan masalah banjir di masa akan datang, telah dilakukan pemerintah setempat, antara lain membentuk tim terpadu yang bertugas mencari solusi penanganan kerusakan hutan, pendangkalan Sungai Batanghari.</P>
<P>Upaya tersebut melibatkan pemerintah pusat, yakni Menteri Koordinator Bidang Kesejahteraan Rakyat, Departemen Kimpraswil, Departemen Kehutanan, dan pihak Bappenas.</P>
</TEXT>
</DOC>
