<DOC>
<DOCNO>indosiar010903</DOCNO>
<TITLE>	Lahan Kekeringan di Palu Capai 1113 Hektar	</TITLE>
<AUTHOR> Syamsuddin/Idh	</AUTHOR>
<DATE>	1/9/2003 	</DATE>
<TEXT>
<P>indosiar.com, Palu - Bencana kekeringan ternyata tidak hanya melanda areal produktif di sejumlah kabupaten di Sulawesi Tengah. Bahkan Kota Palu yang sebagian warganya hidup dari pertanian pun kebagian. Dari 38.694 hektar areal produktif yang ada di Kota Palu, 1113 hektar diantaranya dilanda kekeringan. Areal seluas itu menimpa delapan kelurahan di kecamatan Palu Utara dan empat kelurahan di kecamatan Palu Barat. Kepala Unit Pelaksana Teknis Dinas Balai Informasi Penyuluhan Pertanian (UPTD BIPP) Dinas Pertanian dan Peternakan Kota Palu Ir Tinus Siampa ketika ditemui di ruang kerjanya, Senin (01/09/2003) siang mengatakan, dari 1113 hektar tersebut, 1066 hektar diantaranya berada di kecamatan Palu Utara dan 47 hektar di kecamatan Palu Barat. ''Areal terluas yang dilanda kekeringan itu berada di Mamboro, 327 hektar dan Pantoloan, 299 hektar,''jelasnya.</P>
<P>Menyikapi kondisi tersebut, lanjut Tinus, pihaknya melalui Kepala Dinas Pertanian dan Kehutanan Kota Palu, Ir Zainal Arifin SH MH, telah mengajukan surat ke Menteri Pertanian RI, 19 Agustus 2003 lalu. Dalam surat tersebut, disampaikan sehubungan dengan bencana kekeringan yang melanda sebagian wilayah Sulteng termasuk Kota Palu maka kiranya dapat dialokasikan dana anggaran untuk menanggulangi keadaan tersebut. ''Kita harapkan melalui surat tersebut pihak pemerintah pusat turun tangan dan mengulurkan bantuannya. Sehingga warga yang mengalami atau merasakan kekeringan tidak terlalu menderita. Kita akui memang bukan hanya Palu yang mengalami tapi juga banyak daerah di Indonesia. Kita harapkan kondisi ini tidak berlangsung lama atau berkepanjangan,'' tandasnya.</P>
</TEXT>
</DOC>
