<DOC>
<DOCNO>indosiar010704</DOCNO>
<TITLE>Pestisida Palsu Beredar di Brebes</TITLE>
<AUTHOR>Tim Liputan/Sup</AUTHOR>
<DATE> 1/7/2004 </DATE>
<TEXT>
<P>indosiar.com, Brebes - Kelangkaan dan mahalnya harga pupuk dan obat-obatan pertanian di Jawa Tengah dimanfaatkan orang tidak bertanggung jawab dengan mengedarkan pestisida palsu. Para petani di Brebes, Jawa Tengah, kini was-was dengan beredarnya obat pertanian palsu di daerah tersebut. Peredaran obat palsu ini tidak melalui agen atau toko, namun dijual langsung kepada petani yang tengah berada di lahan pertaniannya.</P>
<P>Dibanding pestisida asli, obat pembasmi hama yang sudah dipalsukan ini harganya relatif murah yakni hampir separoh dari harga obat yang asli. Sebagian besar petani mengaku terkecoh, sebab kemasan dan label nama obat palsu tersebut sama persis dengan obat yang asli. Bedanya setelah disemprotkan obat palsu tidak memberikan efek yang diharapkan, namun justru merusak produktivitas tanaman. Kepala Sub Tanaman Pangan Dinas Pertanian Brebes, Daryono membenarkan adanya peredaran pestisida yang diduga palsu. Setidaknya ditemukan dua jenis pestisida palsu di Brebes.</P>
<P>Pihaknya juga sedang mengirimkan beberapa sampel pestisida ke Laboratorium Pertanian di Semarang untuk diteliti keasliannya. Daryono mengimbau kepada petani untuk tidak sembarangan membeli obat atau pupuk dengan harga murah, namun sebaiknya membeli di toko pertanian maupun agen penyalur sesuai harga yang berlaku.</P>
</TEXT>
</DOC>
